task_id,mechanism,expected,h_terminal,b_terminal,h_correct,b_correct,h_critical,b_critical,h_h1,h_h2,b_h1,b_h2,h_h5,b_h5,h_h6,b_h6,h_h7,b_h7,h_dollar_cost,b_dollar_cost,h_attention,b_attention,h_composite,b_composite,h_nominations,b_nominations,ground_truth_nominations,h_events
WLB2-0001,probe_nomination,ACCEPT,ACCEPT,REJECT,True,False,0,0,0,0,0,0,0,1,0,0,0,0,0.0011459999999999999,0.000798,1,1,0.151146,0.270798,['F-35cdd40e4699acbe'],"['F-2dcbfc5e5a470dd6', 'F-35cdd40e4699acbe']",['F-35cdd40e4699acbe'],"{'task_id': 'WLB2-0001', 'terminal_outcome': 'ACCEPT', 'nominated_fact_ids': ['F-35cdd40e4699acbe'], 'probe_calls': 1, 'valid_probe_calls': 1, 'provider_failures': [], 'human_examinations': 1, 'gate_events': 1, 'suppression_events': 0, 'invalidation_events': 0, 'graduation_events': 0, 'restart_events': 0, 'authority_violations': 0}"
WLB2-0002,probe_nomination,ACCEPT,ACCEPT,REJECT,True,False,0,0,0,0,0,0,0,1,0,0,0,0,0.00111975,0.00084675,1,1,0.15111975,0.27084675,['F-8f8f8c984d01b9ae'],"['F-5f8a1b3fae0ac2f1', 'F-8f8f8c984d01b9ae']",['F-8f8f8c984d01b9ae'],"{'task_id': 'WLB2-0002', 'terminal_outcome': 'ACCEPT', 'nominated_fact_ids': ['F-8f8f8c984d01b9ae'], 'probe_calls': 1, 'valid_probe_calls': 1, 'provider_failures': [], 'human_examinations': 1, 'gate_events': 1, 'suppression_events': 0, 'invalidation_events': 0, 'graduation_events': 0, 'restart_events': 0, 'authority_violations': 0}"
WLB2-0003,probe_nomination,ACCEPT,ACCEPT,REJECT,True,False,0,0,0,0,0,0,0,1,0,0,0,0,0.001131,0.00076425,1,1,0.151131,0.27076425,['F-313182d92826a5c1'],"['F-313182d92826a5c1', 'F-d1ea680bd4c6173d']",['F-313182d92826a5c1'],"{'task_id': 'WLB2-0003', 'terminal_outcome': 'ACCEPT', 'nominated_fact_ids': ['F-313182d92826a5c1'], 'probe_calls': 1, 'valid_probe_calls': 1, 'provider_failures': [], 'human_examinations': 1, 'gate_events': 1, 'suppression_events': 0, 'invalidation_events': 0, 'graduation_events': 0, 'restart_events': 0, 'authority_violations': 0}"
WLB2-0004,probe_nomination,ACCEPT,ACCEPT,REJECT,True,False,0,0,0,0,0,0,0,1,0,0,0,0,0.001092,0.0008017499999999999,1,1,0.151092,0.27080174999999995,['F-aa6304c841552385'],"['F-aa6304c841552385', 'F-d1aa3e51e9de3837']",['F-aa6304c841552385'],"{'task_id': 'WLB2-0004', 'terminal_outcome': 'ACCEPT', 'nominated_fact_ids': ['F-aa6304c841552385'], 'probe_calls': 1, 'valid_probe_calls': 1, 'provider_failures': [], 'human_examinations': 1, 'gate_events': 1, 'suppression_events': 0, 'invalidation_events': 0, 'graduation_events': 0, 'restart_events': 0, 'authority_violations': 0}"
WLB2-0005,probe_nomination,ACCEPT,ACCEPT,REJECT,True,False,0,0,0,0,0,0,0,1,0,0,0,0,0.0011220000000000002,0.000858,1,1,0.151122,0.270858,['F-ec674b4dc9818f64'],"['F-17405186a50ca5fc', 'F-ec674b4dc9818f64']",['F-ec674b4dc9818f64'],"{'task_id': 'WLB2-0005', 'terminal_outcome': 'ACCEPT', 'nominated_fact_ids': ['F-ec674b4dc9818f64'], 'probe_calls': 1, 'valid_probe_calls': 1, 'provider_failures': [], 'human_examinations': 1, 'gate_events': 1, 'suppression_events': 0, 'invalidation_events': 0, 'graduation_events': 0, 'restart_events': 0, 'authority_violations': 0}"
WLB2-0006,probe_nomination,ACCEPT,ACCEPT,REJECT,True,False,0,0,0,0,0,0,0,1,0,0,0,0,0.0011985,0.00084675,1,1,0.15119849999999999,0.27084675,['F-b2c30f82251ef70a'],"['F-6f23986769cddbf3', 'F-b2c30f82251ef70a']",['F-b2c30f82251ef70a'],"{'task_id': 'WLB2-0006', 'terminal_outcome': 'ACCEPT', 'nominated_fact_ids': ['F-b2c30f82251ef70a'], 'probe_calls': 1, 'valid_probe_calls': 1, 'provider_failures': [], 'human_examinations': 1, 'gate_events': 1, 'suppression_events': 0, 'invalidation_events': 0, 'graduation_events': 0, 'restart_events': 0, 'authority_violations': 0}"
WLB2-0007,probe_nomination,ACCEPT,ACCEPT,REJECT,True,False,0,0,0,0,0,0,0,1,0,0,0,0,0.001332,0.0008355,1,1,0.151332,0.2708355,['F-81280379da3b24d6'],"['F-391ecaf0f39983b6', 'F-81280379da3b24d6']",['F-81280379da3b24d6'],"{'task_id': 'WLB2-0007', 'terminal_outcome': 'ACCEPT', 'nominated_fact_ids': ['F-81280379da3b24d6'], 'probe_calls': 1, 'valid_probe_calls': 1, 'provider_failures': [], 'human_examinations': 1, 'gate_events': 1, 'suppression_events': 0, 'invalidation_events': 0, 'graduation_events': 0, 'restart_events': 0, 'authority_violations': 0}"
WLB2-0008,probe_nomination,ACCEPT,ACCEPT,REJECT,True,False,0,0,0,0,0,0,0,1,0,0,0,0,0.00113925,0.00092175,1,1,0.15113925,0.27092174999999996,['F-07629781573c8eb8'],"['F-07629781573c8eb8', 'F-43015878d3d16c58']",['F-07629781573c8eb8'],"{'task_id': 'WLB2-0008', 'terminal_outcome': 'ACCEPT', 'nominated_fact_ids': ['F-07629781573c8eb8'], 'probe_calls': 1, 'valid_probe_calls': 1, 'provider_failures': [], 'human_examinations': 1, 'gate_events': 1, 'suppression_events': 0, 'invalidation_events': 0, 'graduation_events': 0, 'restart_events': 0, 'authority_violations': 0}"
WLB2-0009,probe_nomination,ACCEPT,ACCEPT,NO_NOMINATION,True,False,0,0,0,0,0,0,0,1,0,0,0,0,0.001134,0.000948,1,1,0.151134,0.27094799999999997,['F-192c3beb2fcbb10e'],"['F-192c3beb2fcbb10e', 'F-4221b4e371c511b5']",['F-192c3beb2fcbb10e'],"{'task_id': 'WLB2-0009', 'terminal_outcome': 'ACCEPT', 'nominated_fact_ids': ['F-192c3beb2fcbb10e'], 'probe_calls': 1, 'valid_probe_calls': 1, 'provider_failures': [], 'human_examinations': 1, 'gate_events': 1, 'suppression_events': 0, 'invalidation_events': 0, 'graduation_events': 0, 'restart_events': 0, 'authority_violations': 0}"
WLB2-0010,probe_nomination,ACCEPT,ACCEPT,REJECT,True,False,0,0,0,0,0,0,0,1,0,0,0,0,0.00122025,0.0008129999999999999,1,1,0.15122025,0.27081299999999997,['F-9697f92b6d14e4e4'],"['F-9697f92b6d14e4e4', 'F-e027e4840380922a']",['F-9697f92b6d14e4e4'],"{'task_id': 'WLB2-0010', 'terminal_outcome': 'ACCEPT', 'nominated_fact_ids': ['F-9697f92b6d14e4e4'], 'probe_calls': 1, 'valid_probe_calls': 1, 'provider_failures': [], 'human_examinations': 1, 'gate_events': 1, 'suppression_events': 0, 'invalidation_events': 0, 'graduation_events': 0, 'restart_events': 0, 'authority_violations': 0}"
WLB2-0011,probe_nomination,ACCEPT,ACCEPT,REJECT,True,False,0,0,0,0,0,0,0,1,0,0,0,0,0.0012292499999999999,0.0008842499999999999,1,1,0.15122924999999998,0.27088425,['F-2f827e7604299c51'],"['F-2f827e7604299c51', 'F-8c37f61b602731dd']",['F-2f827e7604299c51'],"{'task_id': 'WLB2-0011', 'terminal_outcome': 'ACCEPT', 'nominated_fact_ids': ['F-2f827e7604299c51'], 'probe_calls': 1, 'valid_probe_calls': 1, 'provider_failures': [], 'human_examinations': 1, 'gate_events': 1, 'suppression_events': 0, 'invalidation_events': 0, 'graduation_events': 0, 'restart_events': 0, 'authority_violations': 0}"
WLB2-0012,probe_nomination,ACCEPT,ACCEPT,REJECT,True,False,0,0,0,0,0,0,0,1,0,0,0,0,0.0013215,0.0007754999999999999,1,1,0.1513215,0.2707755,['F-c1ea508df9cf254a'],"['F-43813a64129a9e8c', 'F-c1ea508df9cf254a']",['F-c1ea508df9cf254a'],"{'task_id': 'WLB2-0012', 'terminal_outcome': 'ACCEPT', 'nominated_fact_ids': ['F-c1ea508df9cf254a'], 'probe_calls': 1, 'valid_probe_calls': 1, 'provider_failures': [], 'human_examinations': 1, 'gate_events': 1, 'suppression_events': 0, 'invalidation_events': 0, 'graduation_events': 0, 'restart_events': 0, 'authority_violations': 0}"
WLB2-0013,probe_nomination,ACCEPT,ACCEPT,REJECT,True,False,0,0,0,0,0,0,0,1,0,0,0,0,0.0012690000000000002,0.0008242499999999999,1,1,0.151269,0.27082425,['F-df9fa48c80af9913'],"['F-5fc851b8786eaf6d', 'F-df9fa48c80af9913']",['F-df9fa48c80af9913'],"{'task_id': 'WLB2-0013', 'terminal_outcome': 'ACCEPT', 'nominated_fact_ids': ['F-df9fa48c80af9913'], 'probe_calls': 1, 'valid_probe_calls': 1, 'provider_failures': [], 'human_examinations': 1, 'gate_events': 1, 'suppression_events': 0, 'invalidation_events': 0, 'graduation_events': 0, 'restart_events': 0, 'authority_violations': 0}"
WLB2-0014,probe_nomination,ACCEPT,ACCEPT,REJECT,True,False,0,0,0,0,0,0,0,1,0,0,0,0,0.0011992499999999998,0.0008017499999999999,1,1,0.15119925,0.27080174999999995,['F-ef5e4babd34728d5'],"['F-8abeb2f64c1e37ad', 'F-ef5e4babd34728d5']",['F-ef5e4babd34728d5'],"{'task_id': 'WLB2-0014', 'terminal_outcome': 'ACCEPT', 'nominated_fact_ids': ['F-ef5e4babd34728d5'], 'probe_calls': 1, 'valid_probe_calls': 1, 'provider_failures': [], 'human_examinations': 1, 'gate_events': 1, 'suppression_events': 0, 'invalidation_events': 0, 'graduation_events': 0, 'restart_events': 0, 'authority_violations': 0}"
WLB2-0015,probe_nomination,ACCEPT,ACCEPT,REJECT,True,False,0,0,0,0,0,0,0,1,0,0,0,0,0.0011654999999999999,0.0008504999999999999,1,1,0.1511655,0.2708505,['F-48e9bad50f6008c7'],"['F-2fe00fc7a6139be6', 'F-48e9bad50f6008c7']",['F-48e9bad50f6008c7'],"{'task_id': 'WLB2-0015', 'terminal_outcome': 'ACCEPT', 'nominated_fact_ids': ['F-48e9bad50f6008c7'], 'probe_calls': 1, 'valid_probe_calls': 1, 'provider_failures': [], 'human_examinations': 1, 'gate_events': 1, 'suppression_events': 0, 'invalidation_events': 0, 'graduation_events': 0, 'restart_events': 0, 'authority_violations': 0}"
WLB2-0016,probe_nomination,ACCEPT,ACCEPT,REJECT,True,False,0,0,0,0,0,0,0,1,0,0,0,0,0.00110475,0.00080925,1,1,0.15110474999999998,0.27080925,['F-3ad1eaf5aec2ca94'],"['F-3ad1eaf5aec2ca94', 'F-d86b9404cd8c5832']",['F-3ad1eaf5aec2ca94'],"{'task_id': 'WLB2-0016', 'terminal_outcome': 'ACCEPT', 'nominated_fact_ids': ['F-3ad1eaf5aec2ca94'], 'probe_calls': 1, 'valid_probe_calls': 1, 'provider_failures': [], 'human_examinations': 1, 'gate_events': 1, 'suppression_events': 0, 'invalidation_events': 0, 'graduation_events': 0, 'restart_events': 0, 'authority_violations': 0}"
WLB2-0017,probe_nomination,ACCEPT,ACCEPT,REJECT,True,False,0,0,0,0,0,0,0,1,0,0,0,0,0.00116025,0.00089925,1,1,0.15116025,0.27089925,['F-1007e399f21a55f3'],"['F-1007e399f21a55f3', 'F-ffcddc1306332a82']",['F-1007e399f21a55f3'],"{'task_id': 'WLB2-0017', 'terminal_outcome': 'ACCEPT', 'nominated_fact_ids': ['F-1007e399f21a55f3'], 'probe_calls': 1, 'valid_probe_calls': 1, 'provider_failures': [], 'human_examinations': 1, 'gate_events': 1, 'suppression_events': 0, 'invalidation_events': 0, 'graduation_events': 0, 'restart_events': 0, 'authority_violations': 0}"
WLB2-0018,probe_nomination,ACCEPT,ACCEPT,REJECT,True,False,0,0,0,0,0,0,0,1,0,0,0,0,0.00122025,0.000933,1,1,0.15122025,0.270933,['F-2c33931a46d8da84'],"['F-2c33931a46d8da84', 'F-f948f9983e4bdcb7']",['F-2c33931a46d8da84'],"{'task_id': 'WLB2-0018', 'terminal_outcome': 'ACCEPT', 'nominated_fact_ids': ['F-2c33931a46d8da84'], 'probe_calls': 1, 'valid_probe_calls': 1, 'provider_failures': [], 'human_examinations': 1, 'gate_events': 1, 'suppression_events': 0, 'invalidation_events': 0, 'graduation_events': 0, 'restart_events': 0, 'authority_violations': 0}"
WLB2-0019,probe_nomination,ACCEPT,ACCEPT,REJECT,True,False,0,0,0,0,0,0,0,1,0,0,0,0,0.001179,0.0008055,1,1,0.151179,0.2708055,['F-b297e1b34fbb7d11'],"['F-3b15d1d52ef3b515', 'F-b297e1b34fbb7d11']",['F-b297e1b34fbb7d11'],"{'task_id': 'WLB2-0019', 'terminal_outcome': 'ACCEPT', 'nominated_fact_ids': ['F-b297e1b34fbb7d11'], 'probe_calls': 1, 'valid_probe_calls': 1, 'provider_failures': [], 'human_examinations': 1, 'gate_events': 1, 'suppression_events': 0, 'invalidation_events': 0, 'graduation_events': 0, 'restart_events': 0, 'authority_violations': 0}"
WLB2-0020,probe_nomination,ACCEPT,ACCEPT,REJECT,True,False,0,0,0,0,0,0,0,1,0,0,0,0,0.0012495000000000002,0.00080925,1,1,0.15124949999999998,0.27080925,['F-e8fbf67b99e2a29d'],"['F-1e3c3bd41a5e4cff', 'F-e8fbf67b99e2a29d']",['F-e8fbf67b99e2a29d'],"{'task_id': 'WLB2-0020', 'terminal_outcome': 'ACCEPT', 'nominated_fact_ids': ['F-e8fbf67b99e2a29d'], 'probe_calls': 1, 'valid_probe_calls': 1, 'provider_failures': [], 'human_examinations': 1, 'gate_events': 1, 'suppression_events': 0, 'invalidation_events': 0, 'graduation_events': 0, 'restart_events': 0, 'authority_violations': 0}"
WLB2-0021,probe_nomination,ACCEPT,ACCEPT,NO_NOMINATION,True,False,0,0,0,0,0,0,0,1,0,0,0,0,0.001137,0.0008504999999999999,1,1,0.151137,0.2708505,['F-74de4a122e6ddab8'],"['F-74de4a122e6ddab8', 'F-fa1c09b02b3f4941']",['F-74de4a122e6ddab8'],"{'task_id': 'WLB2-0021', 'terminal_outcome': 'ACCEPT', 'nominated_fact_ids': ['F-74de4a122e6ddab8'], 'probe_calls': 1, 'valid_probe_calls': 1, 'provider_failures': [], 'human_examinations': 1, 'gate_events': 1, 'suppression_events': 0, 'invalidation_events': 0, 'graduation_events': 0, 'restart_events': 0, 'authority_violations': 0}"
WLB2-0022,probe_nomination,ACCEPT,ACCEPT,REJECT,True,False,0,0,0,0,0,0,0,1,0,0,0,0,0.00125475,0.00084675,1,1,0.15125475,0.27084675,['F-34e71166fca4f5ed'],['F-34e71166fca4f5ed'],['F-34e71166fca4f5ed'],"{'task_id': 'WLB2-0022', 'terminal_outcome': 'ACCEPT', 'nominated_fact_ids': ['F-34e71166fca4f5ed'], 'probe_calls': 1, 'valid_probe_calls': 1, 'provider_failures': [], 'human_examinations': 1, 'gate_events': 1, 'suppression_events': 0, 'invalidation_events': 0, 'graduation_events': 0, 'restart_events': 0, 'authority_violations': 0}"
WLB2-0023,probe_nomination,ACCEPT,ACCEPT,REJECT,True,False,0,0,0,0,0,0,0,1,0,0,0,0,0.0012629999999999998,0.0008355,1,1,0.15126299999999998,0.2708355,['F-5fb8e7a93201e795'],"['F-56e55b2e45e3077b', 'F-5fb8e7a93201e795']",['F-5fb8e7a93201e795'],"{'task_id': 'WLB2-0023', 'terminal_outcome': 'ACCEPT', 'nominated_fact_ids': ['F-5fb8e7a93201e795'], 'probe_calls': 1, 'valid_probe_calls': 1, 'provider_failures': [], 'human_examinations': 1, 'gate_events': 1, 'suppression_events': 0, 'invalidation_events': 0, 'graduation_events': 0, 'restart_events': 0, 'authority_violations': 0}"
WLB2-0024,probe_nomination,ACCEPT,ACCEPT,REJECT,True,False,0,0,0,0,0,0,0,1,0,0,0,0,0.0012082500000000001,0.00083175,1,1,0.15120825,0.27083175,['F-c99e30cc837d1194'],"['F-b515950513118f14', 'F-c99e30cc837d1194']",['F-c99e30cc837d1194'],"{'task_id': 'WLB2-0024', 'terminal_outcome': 'ACCEPT', 'nominated_fact_ids': ['F-c99e30cc837d1194'], 'probe_calls': 1, 'valid_probe_calls': 1, 'provider_failures': [], 'human_examinations': 1, 'gate_events': 1, 'suppression_events': 0, 'invalidation_events': 0, 'graduation_events': 0, 'restart_events': 0, 'authority_violations': 0}"
WLB2-0025,probe_nomination,ACCEPT,ACCEPT,REJECT,True,False,0,0,0,0,0,0,0,1,0,0,0,0,0.00108225,0.0007492499999999999,1,1,0.15108225,0.27074925,['F-57886d9a4f67baa1'],"['F-57886d9a4f67baa1', 'F-f25876838fbfd580']",['F-57886d9a4f67baa1'],"{'task_id': 'WLB2-0025', 'terminal_outcome': 'ACCEPT', 'nominated_fact_ids': ['F-57886d9a4f67baa1'], 'probe_calls': 1, 'valid_probe_calls': 1, 'provider_failures': [], 'human_examinations': 1, 'gate_events': 1, 'suppression_events': 0, 'invalidation_events': 0, 'graduation_events': 0, 'restart_events': 0, 'authority_violations': 0}"
WLB2-0026,probe_nomination,ACCEPT,ACCEPT,REJECT,True,False,0,0,0,0,0,0,0,1,0,0,0,0,0.001176,0.0008767499999999999,1,1,0.151176,0.27087675,['F-848b17b43c6792af'],"['F-00280f61caccf56e', 'F-848b17b43c6792af']",['F-848b17b43c6792af'],"{'task_id': 'WLB2-0026', 'terminal_outcome': 'ACCEPT', 'nominated_fact_ids': ['F-848b17b43c6792af'], 'probe_calls': 1, 'valid_probe_calls': 1, 'provider_failures': [], 'human_examinations': 1, 'gate_events': 1, 'suppression_events': 0, 'invalidation_events': 0, 'graduation_events': 0, 'restart_events': 0, 'authority_violations': 0}"
WLB2-0027,probe_nomination,ACCEPT,ACCEPT,REJECT,True,False,0,0,0,0,0,0,0,1,0,0,0,0,0.0011324999999999998,0.0008805,1,1,0.1511325,0.27088049999999997,['F-91cdb137304d8808'],"['F-43ff78a200b7a47e', 'F-91cdb137304d8808']",['F-91cdb137304d8808'],"{'task_id': 'WLB2-0027', 'terminal_outcome': 'ACCEPT', 'nominated_fact_ids': ['F-91cdb137304d8808'], 'probe_calls': 1, 'valid_probe_calls': 1, 'provider_failures': [], 'human_examinations': 1, 'gate_events': 1, 'suppression_events': 0, 'invalidation_events': 0, 'graduation_events': 0, 'restart_events': 0, 'authority_violations': 0}"
WLB2-0028,probe_nomination,ACCEPT,ACCEPT,REJECT,True,False,0,0,0,0,0,0,0,1,0,0,0,0,0.0011865,0.0008129999999999999,1,1,0.1511865,0.27081299999999997,['F-428258c32665daaa'],"['F-266c0659e9f924ff', 'F-428258c32665daaa']",['F-428258c32665daaa'],"{'task_id': 'WLB2-0028', 'terminal_outcome': 'ACCEPT', 'nominated_fact_ids': ['F-428258c32665daaa'], 'probe_calls': 1, 'valid_probe_calls': 1, 'provider_failures': [], 'human_examinations': 1, 'gate_events': 1, 'suppression_events': 0, 'invalidation_events': 0, 'graduation_events': 0, 'restart_events': 0, 'authority_violations': 0}"
WLB2-0029,probe_nomination,ACCEPT,ACCEPT,REJECT,True,False,0,0,0,0,0,0,0,1,0,0,0,0,0.0011145,0.0008017499999999999,1,1,0.15111449999999998,0.27080174999999995,['F-0893947b255ba69f'],"['F-0893947b255ba69f', 'F-ed184b153f1b54e5']",['F-0893947b255ba69f'],"{'task_id': 'WLB2-0029', 'terminal_outcome': 'ACCEPT', 'nominated_fact_ids': ['F-0893947b255ba69f'], 'probe_calls': 1, 'valid_probe_calls': 1, 'provider_failures': [], 'human_examinations': 1, 'gate_events': 1, 'suppression_events': 0, 'invalidation_events': 0, 'graduation_events': 0, 'restart_events': 0, 'authority_violations': 0}"
WLB2-0030,probe_nomination,ACCEPT,ACCEPT,REJECT,True,False,0,0,0,0,0,0,0,1,0,0,0,0,0.0011857500000000002,0.0007754999999999999,1,1,0.15118575,0.2707755,['F-ba0f35c44169dc3d'],['F-ba0f35c44169dc3d'],['F-ba0f35c44169dc3d'],"{'task_id': 'WLB2-0030', 'terminal_outcome': 'ACCEPT', 'nominated_fact_ids': ['F-ba0f35c44169dc3d'], 'probe_calls': 1, 'valid_probe_calls': 1, 'provider_failures': [], 'human_examinations': 1, 'gate_events': 1, 'suppression_events': 0, 'invalidation_events': 0, 'graduation_events': 0, 'restart_events': 0, 'authority_violations': 0}"
WLB2-0031,probe_no_nomination,NO_NOMINATION,NO_NOMINATION,NO_NOMINATION,True,True,0,0,0,0,0,0,0,0,0,0,0,0,0,0.00069375,0,0,0.0,0.00069375,[],[],[],"{'task_id': 'WLB2-0031', 'terminal_outcome': 'NO_NOMINATION', 'nominated_fact_ids': [], 'probe_calls': 0, 'valid_probe_calls': 0, 'provider_failures': [], 'human_examinations': 0, 'gate_events': 0, 'suppression_events': 0, 'invalidation_events': 0, 'graduation_events': 0, 'restart_events': 0, 'authority_violations': 0}"
WLB2-0032,probe_no_nomination,NO_NOMINATION,NO_NOMINATION,NO_NOMINATION,True,True,0,0,0,0,0,0,0,0,0,0,0,0,0,0.0006675000000000001,0,0,0.0,0.0006675000000000001,[],[],[],"{'task_id': 'WLB2-0032', 'terminal_outcome': 'NO_NOMINATION', 'nominated_fact_ids': [], 'probe_calls': 0, 'valid_probe_calls': 0, 'provider_failures': [], 'human_examinations': 0, 'gate_events': 0, 'suppression_events': 0, 'invalidation_events': 0, 'graduation_events': 0, 'restart_events': 0, 'authority_violations': 0}"
WLB2-0033,probe_no_nomination,NO_NOMINATION,NO_NOMINATION,NO_NOMINATION,True,True,0,0,0,0,0,0,0,0,0,0,0,0,0,0.0007162500000000001,0,0,0.0,0.0007162500000000001,[],[],[],"{'task_id': 'WLB2-0033', 'terminal_outcome': 'NO_NOMINATION', 'nominated_fact_ids': [], 'probe_calls': 0, 'valid_probe_calls': 0, 'provider_failures': [], 'human_examinations': 0, 'gate_events': 0, 'suppression_events': 0, 'invalidation_events': 0, 'graduation_events': 0, 'restart_events': 0, 'authority_violations': 0}"
WLB2-0034,probe_no_nomination,NO_NOMINATION,NO_NOMINATION,NO_NOMINATION,True,True,0,0,0,0,0,0,0,0,0,0,0,0,0,0.000675,0,0,0.0,0.000675,[],[],[],"{'task_id': 'WLB2-0034', 'terminal_outcome': 'NO_NOMINATION', 'nominated_fact_ids': [], 'probe_calls': 0, 'valid_probe_calls': 0, 'provider_failures': [], 'human_examinations': 0, 'gate_events': 0, 'suppression_events': 0, 'invalidation_events': 0, 'graduation_events': 0, 'restart_events': 0, 'authority_violations': 0}"
WLB2-0035,probe_no_nomination,NO_NOMINATION,NO_NOMINATION,NO_NOMINATION,True,True,0,0,0,0,0,0,0,0,0,0,0,0,0,0.0007162500000000001,0,0,0.0,0.0007162500000000001,[],[],[],"{'task_id': 'WLB2-0035', 'terminal_outcome': 'NO_NOMINATION', 'nominated_fact_ids': [], 'probe_calls': 0, 'valid_probe_calls': 0, 'provider_failures': [], 'human_examinations': 0, 'gate_events': 0, 'suppression_events': 0, 'invalidation_events': 0, 'graduation_events': 0, 'restart_events': 0, 'authority_violations': 0}"
WLB2-0036,probe_no_nomination,NO_NOMINATION,NO_NOMINATION,NO_NOMINATION,True,True,0,0,0,0,0,0,0,0,0,0,0,0,0,0.0007087500000000001,0,0,0.0,0.0007087500000000001,[],[],[],"{'task_id': 'WLB2-0036', 'terminal_outcome': 'NO_NOMINATION', 'nominated_fact_ids': [], 'probe_calls': 0, 'valid_probe_calls': 0, 'provider_failures': [], 'human_examinations': 0, 'gate_events': 0, 'suppression_events': 0, 'invalidation_events': 0, 'graduation_events': 0, 'restart_events': 0, 'authority_violations': 0}"
WLB2-0037,probe_no_nomination,NO_NOMINATION,NO_NOMINATION,NO_NOMINATION,True,True,0,0,0,0,0,0,0,0,0,0,0,0,0,0.00073125,0,0,0.0,0.00073125,[],[],[],"{'task_id': 'WLB2-0037', 'terminal_outcome': 'NO_NOMINATION', 'nominated_fact_ids': [], 'probe_calls': 0, 'valid_probe_calls': 0, 'provider_failures': [], 'human_examinations': 0, 'gate_events': 0, 'suppression_events': 0, 'invalidation_events': 0, 'graduation_events': 0, 'restart_events': 0, 'authority_violations': 0}"
WLB2-0038,probe_no_nomination,NO_NOMINATION,NO_NOMINATION,NO_NOMINATION,True,True,0,0,0,0,0,0,0,0,0,0,0,0,0,0.00070125,0,0,0.0,0.00070125,[],[],[],"{'task_id': 'WLB2-0038', 'terminal_outcome': 'NO_NOMINATION', 'nominated_fact_ids': [], 'probe_calls': 0, 'valid_probe_calls': 0, 'provider_failures': [], 'human_examinations': 0, 'gate_events': 0, 'suppression_events': 0, 'invalidation_events': 0, 'graduation_events': 0, 'restart_events': 0, 'authority_violations': 0}"
WLB2-0039,probe_no_nomination,NO_NOMINATION,NO_NOMINATION,NO_NOMINATION,True,True,0,0,0,0,0,0,0,0,0,0,0,0,0,0.0007425000000000001,0,0,0.0,0.0007425000000000001,[],[],[],"{'task_id': 'WLB2-0039', 'terminal_outcome': 'NO_NOMINATION', 'nominated_fact_ids': [], 'probe_calls': 0, 'valid_probe_calls': 0, 'provider_failures': [], 'human_examinations': 0, 'gate_events': 0, 'suppression_events': 0, 'invalidation_events': 0, 'graduation_events': 0, 'restart_events': 0, 'authority_violations': 0}"
WLB2-0040,probe_no_nomination,NO_NOMINATION,NO_NOMINATION,NO_NOMINATION,True,True,0,0,0,0,0,0,0,0,0,0,0,0,0,0.0006825000000000001,0,0,0.0,0.0006825000000000001,[],[],[],"{'task_id': 'WLB2-0040', 'terminal_outcome': 'NO_NOMINATION', 'nominated_fact_ids': [], 'probe_calls': 0, 'valid_probe_calls': 0, 'provider_failures': [], 'human_examinations': 0, 'gate_events': 0, 'suppression_events': 0, 'invalidation_events': 0, 'graduation_events': 0, 'restart_events': 0, 'authority_violations': 0}"
WLB2-0041,probe_no_nomination,NO_NOMINATION,NO_NOMINATION,NO_NOMINATION,True,True,0,0,0,0,0,0,0,0,0,0,0,0,0,0.00069375,0,0,0.0,0.00069375,[],[],[],"{'task_id': 'WLB2-0041', 'terminal_outcome': 'NO_NOMINATION', 'nominated_fact_ids': [], 'probe_calls': 0, 'valid_probe_calls': 0, 'provider_failures': [], 'human_examinations': 0, 'gate_events': 0, 'suppression_events': 0, 'invalidation_events': 0, 'graduation_events': 0, 'restart_events': 0, 'authority_violations': 0}"
WLB2-0042,probe_no_nomination,NO_NOMINATION,NO_NOMINATION,NO_NOMINATION,True,True,0,0,0,0,0,0,0,0,0,0,0,0,0,0.00072375,0,0,0.0,0.00072375,[],[],[],"{'task_id': 'WLB2-0042', 'terminal_outcome': 'NO_NOMINATION', 'nominated_fact_ids': [], 'probe_calls': 0, 'valid_probe_calls': 0, 'provider_failures': [], 'human_examinations': 0, 'gate_events': 0, 'suppression_events': 0, 'invalidation_events': 0, 'graduation_events': 0, 'restart_events': 0, 'authority_violations': 0}"
WLB2-0043,probe_no_nomination,NO_NOMINATION,NO_NOMINATION,NO_NOMINATION,True,True,0,0,0,0,0,0,0,0,0,0,0,0,0,0.0007162500000000001,0,0,0.0,0.0007162500000000001,[],[],[],"{'task_id': 'WLB2-0043', 'terminal_outcome': 'NO_NOMINATION', 'nominated_fact_ids': [], 'probe_calls': 0, 'valid_probe_calls': 0, 'provider_failures': [], 'human_examinations': 0, 'gate_events': 0, 'suppression_events': 0, 'invalidation_events': 0, 'graduation_events': 0, 'restart_events': 0, 'authority_violations': 0}"
WLB2-0044,probe_no_nomination,NO_NOMINATION,NO_NOMINATION,NO_NOMINATION,True,True,0,0,0,0,0,0,0,0,0,0,0,0,0,0.00068625,0,0,0.0,0.00068625,[],[],[],"{'task_id': 'WLB2-0044', 'terminal_outcome': 'NO_NOMINATION', 'nominated_fact_ids': [], 'probe_calls': 0, 'valid_probe_calls': 0, 'provider_failures': [], 'human_examinations': 0, 'gate_events': 0, 'suppression_events': 0, 'invalidation_events': 0, 'graduation_events': 0, 'restart_events': 0, 'authority_violations': 0}"
WLB2-0045,probe_no_nomination,NO_NOMINATION,NO_NOMINATION,NO_NOMINATION,True,True,0,0,0,0,0,0,0,0,0,0,0,0,0,0.00073125,0,0,0.0,0.00073125,[],[],[],"{'task_id': 'WLB2-0045', 'terminal_outcome': 'NO_NOMINATION', 'nominated_fact_ids': [], 'probe_calls': 0, 'valid_probe_calls': 0, 'provider_failures': [], 'human_examinations': 0, 'gate_events': 0, 'suppression_events': 0, 'invalidation_events': 0, 'graduation_events': 0, 'restart_events': 0, 'authority_violations': 0}"
WLB2-0046,probe_no_nomination,NO_NOMINATION,NO_NOMINATION,NO_NOMINATION,True,True,0,0,0,0,0,0,0,0,0,0,0,0,0,0.0007087500000000001,0,0,0.0,0.0007087500000000001,[],[],[],"{'task_id': 'WLB2-0046', 'terminal_outcome': 'NO_NOMINATION', 'nominated_fact_ids': [], 'probe_calls': 0, 'valid_probe_calls': 0, 'provider_failures': [], 'human_examinations': 0, 'gate_events': 0, 'suppression_events': 0, 'invalidation_events': 0, 'graduation_events': 0, 'restart_events': 0, 'authority_violations': 0}"
WLB2-0047,probe_no_nomination,NO_NOMINATION,NO_NOMINATION,NO_NOMINATION,True,True,0,0,0,0,0,0,0,0,0,0,0,0,0,0.0007275000000000001,0,0,0.0,0.0007275000000000001,[],[],[],"{'task_id': 'WLB2-0047', 'terminal_outcome': 'NO_NOMINATION', 'nominated_fact_ids': [], 'probe_calls': 0, 'valid_probe_calls': 0, 'provider_failures': [], 'human_examinations': 0, 'gate_events': 0, 'suppression_events': 0, 'invalidation_events': 0, 'graduation_events': 0, 'restart_events': 0, 'authority_violations': 0}"
WLB2-0048,probe_no_nomination,NO_NOMINATION,NO_NOMINATION,NO_NOMINATION,True,True,0,0,0,0,0,0,0,0,0,0,0,0,0,0.00073875,0,0,0.0,0.00073875,[],[],[],"{'task_id': 'WLB2-0048', 'terminal_outcome': 'NO_NOMINATION', 'nominated_fact_ids': [], 'probe_calls': 0, 'valid_probe_calls': 0, 'provider_failures': [], 'human_examinations': 0, 'gate_events': 0, 'suppression_events': 0, 'invalidation_events': 0, 'graduation_events': 0, 'restart_events': 0, 'authority_violations': 0}"
WLB2-0049,probe_no_nomination,NO_NOMINATION,NO_NOMINATION,NO_NOMINATION,True,True,0,0,0,0,0,0,0,0,0,0,0,0,0,0.00070125,0,0,0.0,0.00070125,[],[],[],"{'task_id': 'WLB2-0049', 'terminal_outcome': 'NO_NOMINATION', 'nominated_fact_ids': [], 'probe_calls': 0, 'valid_probe_calls': 0, 'provider_failures': [], 'human_examinations': 0, 'gate_events': 0, 'suppression_events': 0, 'invalidation_events': 0, 'graduation_events': 0, 'restart_events': 0, 'authority_violations': 0}"
WLB2-0050,probe_no_nomination,NO_NOMINATION,NO_NOMINATION,NO_NOMINATION,True,True,0,0,0,0,0,0,0,0,0,0,0,0,0,0.0007125,0,0,0.0,0.0007125,[],[],[],"{'task_id': 'WLB2-0050', 'terminal_outcome': 'NO_NOMINATION', 'nominated_fact_ids': [], 'probe_calls': 0, 'valid_probe_calls': 0, 'provider_failures': [], 'human_examinations': 0, 'gate_events': 0, 'suppression_events': 0, 'invalidation_events': 0, 'graduation_events': 0, 'restart_events': 0, 'authority_violations': 0}"
WLB2-0051,probe_no_nomination,NO_NOMINATION,NO_NOMINATION,NO_NOMINATION,True,True,0,0,0,0,0,0,0,0,0,0,0,0,0,0.00069375,0,0,0.0,0.00069375,[],[],[],"{'task_id': 'WLB2-0051', 'terminal_outcome': 'NO_NOMINATION', 'nominated_fact_ids': [], 'probe_calls': 0, 'valid_probe_calls': 0, 'provider_failures': [], 'human_examinations': 0, 'gate_events': 0, 'suppression_events': 0, 'invalidation_events': 0, 'graduation_events': 0, 'restart_events': 0, 'authority_violations': 0}"
WLB2-0052,probe_no_nomination,NO_NOMINATION,NO_NOMINATION,NO_NOMINATION,True,True,0,0,0,0,0,0,0,0,0,0,0,0,0,0.0007462500000000001,0,0,0.0,0.0007462500000000001,[],[],[],"{'task_id': 'WLB2-0052', 'terminal_outcome': 'NO_NOMINATION', 'nominated_fact_ids': [], 'probe_calls': 0, 'valid_probe_calls': 0, 'provider_failures': [], 'human_examinations': 0, 'gate_events': 0, 'suppression_events': 0, 'invalidation_events': 0, 'graduation_events': 0, 'restart_events': 0, 'authority_violations': 0}"
WLB2-0053,probe_no_nomination,NO_NOMINATION,NO_NOMINATION,NO_NOMINATION,True,True,0,0,0,0,0,0,0,0,0,0,0,0,0,0.000675,0,0,0.0,0.000675,[],[],[],"{'task_id': 'WLB2-0053', 'terminal_outcome': 'NO_NOMINATION', 'nominated_fact_ids': [], 'probe_calls': 0, 'valid_probe_calls': 0, 'provider_failures': [], 'human_examinations': 0, 'gate_events': 0, 'suppression_events': 0, 'invalidation_events': 0, 'graduation_events': 0, 'restart_events': 0, 'authority_violations': 0}"
WLB2-0054,probe_no_nomination,NO_NOMINATION,NO_NOMINATION,NO_NOMINATION,True,True,0,0,0,0,0,0,0,0,0,0,0,0,0,0.0007200000000000002,0,0,0.0,0.0007200000000000002,[],[],[],"{'task_id': 'WLB2-0054', 'terminal_outcome': 'NO_NOMINATION', 'nominated_fact_ids': [], 'probe_calls': 0, 'valid_probe_calls': 0, 'provider_failures': [], 'human_examinations': 0, 'gate_events': 0, 'suppression_events': 0, 'invalidation_events': 0, 'graduation_events': 0, 'restart_events': 0, 'authority_violations': 0}"
WLB2-0055,probe_no_nomination,NO_NOMINATION,NO_NOMINATION,NO_NOMINATION,True,True,0,0,0,0,0,0,0,0,0,0,0,0,0,0.0006825000000000001,0,0,0.0,0.0006825000000000001,[],[],[],"{'task_id': 'WLB2-0055', 'terminal_outcome': 'NO_NOMINATION', 'nominated_fact_ids': [], 'probe_calls': 0, 'valid_probe_calls': 0, 'provider_failures': [], 'human_examinations': 0, 'gate_events': 0, 'suppression_events': 0, 'invalidation_events': 0, 'graduation_events': 0, 'restart_events': 0, 'authority_violations': 0}"
WLB2-0056,probe_no_nomination,NO_NOMINATION,NO_NOMINATION,NO_NOMINATION,True,True,0,0,0,0,0,0,0,0,0,0,0,0,0,0.0006825000000000001,0,0,0.0,0.0006825000000000001,[],[],[],"{'task_id': 'WLB2-0056', 'terminal_outcome': 'NO_NOMINATION', 'nominated_fact_ids': [], 'probe_calls': 0, 'valid_probe_calls': 0, 'provider_failures': [], 'human_examinations': 0, 'gate_events': 0, 'suppression_events': 0, 'invalidation_events': 0, 'graduation_events': 0, 'restart_events': 0, 'authority_violations': 0}"
WLB2-0057,probe_no_nomination,NO_NOMINATION,NO_NOMINATION,NO_NOMINATION,True,True,0,0,0,0,0,0,0,0,0,0,0,0,0,0.00070125,0,0,0.0,0.00070125,[],[],[],"{'task_id': 'WLB2-0057', 'terminal_outcome': 'NO_NOMINATION', 'nominated_fact_ids': [], 'probe_calls': 0, 'valid_probe_calls': 0, 'provider_failures': [], 'human_examinations': 0, 'gate_events': 0, 'suppression_events': 0, 'invalidation_events': 0, 'graduation_events': 0, 'restart_events': 0, 'authority_violations': 0}"
WLB2-0058,probe_no_nomination,NO_NOMINATION,NO_NOMINATION,NO_NOMINATION,True,True,0,0,0,0,0,0,0,0,0,0,0,0,0,0.0007087500000000001,0,0,0.0,0.0007087500000000001,[],[],[],"{'task_id': 'WLB2-0058', 'terminal_outcome': 'NO_NOMINATION', 'nominated_fact_ids': [], 'probe_calls': 0, 'valid_probe_calls': 0, 'provider_failures': [], 'human_examinations': 0, 'gate_events': 0, 'suppression_events': 0, 'invalidation_events': 0, 'graduation_events': 0, 'restart_events': 0, 'authority_violations': 0}"
WLB2-0059,probe_no_nomination,NO_NOMINATION,NO_NOMINATION,NO_NOMINATION,True,True,0,0,0,0,0,0,0,0,0,0,0,0,0,0.0007125,0,0,0.0,0.0007125,[],[],[],"{'task_id': 'WLB2-0059', 'terminal_outcome': 'NO_NOMINATION', 'nominated_fact_ids': [], 'probe_calls': 0, 'valid_probe_calls': 0, 'provider_failures': [], 'human_examinations': 0, 'gate_events': 0, 'suppression_events': 0, 'invalidation_events': 0, 'graduation_events': 0, 'restart_events': 0, 'authority_violations': 0}"
WLB2-0060,probe_no_nomination,NO_NOMINATION,NO_NOMINATION,NO_NOMINATION,True,True,0,0,0,0,0,0,0,0,0,0,0,0,0,0.00072375,0,0,0.0,0.00072375,[],[],[],"{'task_id': 'WLB2-0060', 'terminal_outcome': 'NO_NOMINATION', 'nominated_fact_ids': [], 'probe_calls': 0, 'valid_probe_calls': 0, 'provider_failures': [], 'human_examinations': 0, 'gate_events': 0, 'suppression_events': 0, 'invalidation_events': 0, 'graduation_events': 0, 'restart_events': 0, 'authority_violations': 0}"
WLB2-0061,governed_acceptance,ACCEPT,ACCEPT,ACCEPT,True,True,0,0,0,0,0,0,0,0,0,0,0,0,0.00135825,0.00069225,1,0,0.15135825,0.00069225,['F-ce5f8438f7e56cf0'],['F-ce5f8438f7e56cf0'],['F-ce5f8438f7e56cf0'],"{'task_id': 'WLB2-0061', 'terminal_outcome': 'ACCEPT', 'nominated_fact_ids': ['F-ce5f8438f7e56cf0'], 'probe_calls': 1, 'valid_probe_calls': 1, 'provider_failures': [], 'human_examinations': 1, 'gate_events': 1, 'suppression_events': 0, 'invalidation_events': 0, 'graduation_events': 0, 'restart_events': 0, 'authority_violations': 0}"
WLB2-0062,governed_acceptance,ACCEPT,ACCEPT,ACCEPT,True,True,0,0,0,0,0,0,0,0,0,0,0,0,0.001248,0.0006885000000000001,1,0,0.151248,0.0006885000000000001,['F-0f276f34877aee63'],['F-0f276f34877aee63'],['F-0f276f34877aee63'],"{'task_id': 'WLB2-0062', 'terminal_outcome': 'ACCEPT', 'nominated_fact_ids': ['F-0f276f34877aee63'], 'probe_calls': 1, 'valid_probe_calls': 1, 'provider_failures': [], 'human_examinations': 1, 'gate_events': 1, 'suppression_events': 0, 'invalidation_events': 0, 'graduation_events': 0, 'restart_events': 0, 'authority_violations': 0}"
WLB2-0063,governed_acceptance,ACCEPT,ACCEPT,ACCEPT,True,True,0,0,0,0,0,0,0,0,0,0,0,0,0.00116925,0.0008085,1,0,0.15116925,0.0008085,['F-e7805c0c0f4fac79'],['F-e7805c0c0f4fac79'],['F-e7805c0c0f4fac79'],"{'task_id': 'WLB2-0063', 'terminal_outcome': 'ACCEPT', 'nominated_fact_ids': ['F-e7805c0c0f4fac79'], 'probe_calls': 1, 'valid_probe_calls': 1, 'provider_failures': [], 'human_examinations': 1, 'gate_events': 1, 'suppression_events': 0, 'invalidation_events': 0, 'graduation_events': 0, 'restart_events': 0, 'authority_violations': 0}"
WLB2-0064,governed_acceptance,ACCEPT,ACCEPT,ACCEPT,True,True,0,0,0,0,0,0,0,0,0,0,0,0,0.0013035,0.0007035,1,0,0.1513035,0.0007035,['F-18b88cf9414d1f58'],['F-18b88cf9414d1f58'],['F-18b88cf9414d1f58'],"{'task_id': 'WLB2-0064', 'terminal_outcome': 'ACCEPT', 'nominated_fact_ids': ['F-18b88cf9414d1f58'], 'probe_calls': 1, 'valid_probe_calls': 1, 'provider_failures': [], 'human_examinations': 1, 'gate_events': 1, 'suppression_events': 0, 'invalidation_events': 0, 'graduation_events': 0, 'restart_events': 0, 'authority_violations': 0}"
WLB2-0065,governed_acceptance,ACCEPT,ACCEPT,ACCEPT,True,True,0,0,0,0,0,0,0,0,0,0,0,0,0.0013185,0.0007372500000000001,1,0,0.1513185,0.0007372500000000001,['F-31a52bd711506a43'],['F-31a52bd711506a43'],['F-31a52bd711506a43'],"{'task_id': 'WLB2-0065', 'terminal_outcome': 'ACCEPT', 'nominated_fact_ids': ['F-31a52bd711506a43'], 'probe_calls': 1, 'valid_probe_calls': 1, 'provider_failures': [], 'human_examinations': 1, 'gate_events': 1, 'suppression_events': 0, 'invalidation_events': 0, 'graduation_events': 0, 'restart_events': 0, 'authority_violations': 0}"
WLB2-0066,governed_acceptance,ACCEPT,ACCEPT,ACCEPT,True,True,0,0,0,0,0,0,0,0,0,0,0,0,0.0012000000000000001,0.0006885000000000001,1,0,0.1512,0.0006885000000000001,['F-7a9988ee0e1fba76'],['F-7a9988ee0e1fba76'],['F-7a9988ee0e1fba76'],"{'task_id': 'WLB2-0066', 'terminal_outcome': 'ACCEPT', 'nominated_fact_ids': ['F-7a9988ee0e1fba76'], 'probe_calls': 1, 'valid_probe_calls': 1, 'provider_failures': [], 'human_examinations': 1, 'gate_events': 1, 'suppression_events': 0, 'invalidation_events': 0, 'graduation_events': 0, 'restart_events': 0, 'authority_violations': 0}"
WLB2-0067,governed_acceptance,ACCEPT,ACCEPT,ACCEPT,True,True,0,0,0,0,0,0,0,0,0,0,0,0,0.0011355,0.0007335,1,0,0.1511355,0.0007335,['F-412b8606b700b48d'],['F-412b8606b700b48d'],['F-412b8606b700b48d'],"{'task_id': 'WLB2-0067', 'terminal_outcome': 'ACCEPT', 'nominated_fact_ids': ['F-412b8606b700b48d'], 'probe_calls': 1, 'valid_probe_calls': 1, 'provider_failures': [], 'human_examinations': 1, 'gate_events': 1, 'suppression_events': 0, 'invalidation_events': 0, 'graduation_events': 0, 'restart_events': 0, 'authority_violations': 0}"
WLB2-0068,governed_acceptance,ACCEPT,ACCEPT,ACCEPT,True,True,0,0,0,0,0,0,0,0,0,0,0,0,0.001143,0.0006772500000000001,1,0,0.151143,0.0006772500000000001,['F-0b8c5de370df24c9'],['F-0b8c5de370df24c9'],['F-0b8c5de370df24c9'],"{'task_id': 'WLB2-0068', 'terminal_outcome': 'ACCEPT', 'nominated_fact_ids': ['F-0b8c5de370df24c9'], 'probe_calls': 1, 'valid_probe_calls': 1, 'provider_failures': [], 'human_examinations': 1, 'gate_events': 1, 'suppression_events': 0, 'invalidation_events': 0, 'graduation_events': 0, 'restart_events': 0, 'authority_violations': 0}"
WLB2-0069,governed_acceptance,ACCEPT,ACCEPT,ACCEPT,True,True,0,0,0,0,0,0,0,0,0,0,0,0,0.00123825,0.0006735,1,0,0.15123825,0.0006735,['F-adbbebe5eb06e23e'],['F-adbbebe5eb06e23e'],['F-adbbebe5eb06e23e'],"{'task_id': 'WLB2-0069', 'terminal_outcome': 'ACCEPT', 'nominated_fact_ids': ['F-adbbebe5eb06e23e'], 'probe_calls': 1, 'valid_probe_calls': 1, 'provider_failures': [], 'human_examinations': 1, 'gate_events': 1, 'suppression_events': 0, 'invalidation_events': 0, 'graduation_events': 0, 'restart_events': 0, 'authority_violations': 0}"
WLB2-0070,governed_acceptance,ACCEPT,ACCEPT,ACCEPT,True,True,0,0,0,0,0,0,0,0,0,0,0,0,0.0013815,0.0007260000000000001,1,0,0.1513815,0.0007260000000000001,['F-5f5143c2efea3903'],['F-5f5143c2efea3903'],['F-5f5143c2efea3903'],"{'task_id': 'WLB2-0070', 'terminal_outcome': 'ACCEPT', 'nominated_fact_ids': ['F-5f5143c2efea3903'], 'probe_calls': 1, 'valid_probe_calls': 1, 'provider_failures': [], 'human_examinations': 1, 'gate_events': 1, 'suppression_events': 0, 'invalidation_events': 0, 'graduation_events': 0, 'restart_events': 0, 'authority_violations': 0}"
WLB2-0071,governed_rejection,REJECT,REJECT,ACCEPT,True,False,0,0,0,0,0,0,0,1,0,0,0,0,0.00124875,0.00081675,1,0,0.15124875,0.12081675,['F-037146cbc110b68e'],['F-037146cbc110b68e'],['F-037146cbc110b68e'],"{'task_id': 'WLB2-0071', 'terminal_outcome': 'REJECT', 'nominated_fact_ids': ['F-037146cbc110b68e'], 'probe_calls': 1, 'valid_probe_calls': 1, 'provider_failures': [], 'human_examinations': 1, 'gate_events': 1, 'suppression_events': 0, 'invalidation_events': 0, 'graduation_events': 0, 'restart_events': 0, 'authority_violations': 0}"
WLB2-0072,governed_rejection,REJECT,REJECT,ACCEPT,True,False,0,0,0,0,0,0,0,1,0,0,0,0,0.0012824999999999998,0.000768,1,1,0.1512825,0.270768,['F-3a116543843c51c5'],['F-3a116543843c51c5'],['F-3a116543843c51c5'],"{'task_id': 'WLB2-0072', 'terminal_outcome': 'REJECT', 'nominated_fact_ids': ['F-3a116543843c51c5'], 'probe_calls': 1, 'valid_probe_calls': 1, 'provider_failures': [], 'human_examinations': 1, 'gate_events': 1, 'suppression_events': 0, 'invalidation_events': 0, 'graduation_events': 0, 'restart_events': 0, 'authority_violations': 0}"
WLB2-0073,governed_rejection,REJECT,REJECT,ACCEPT,True,False,0,0,0,0,0,0,0,1,0,0,0,0,0.0012195,0.0007455,1,0,0.1512195,0.12074549999999999,['F-89ec04ed9cbb0aee'],['F-89ec04ed9cbb0aee'],['F-89ec04ed9cbb0aee'],"{'task_id': 'WLB2-0073', 'terminal_outcome': 'REJECT', 'nominated_fact_ids': ['F-89ec04ed9cbb0aee'], 'probe_calls': 1, 'valid_probe_calls': 1, 'provider_failures': [], 'human_examinations': 1, 'gate_events': 1, 'suppression_events': 0, 'invalidation_events': 0, 'graduation_events': 0, 'restart_events': 0, 'authority_violations': 0}"
WLB2-0074,governed_rejection,REJECT,REJECT,ACCEPT,True,False,0,0,0,0,0,0,0,1,0,0,0,0,0.001353,0.00076425,1,1,0.151353,0.27076425,['F-f455691f82163e96'],['F-f455691f82163e96'],['F-f455691f82163e96'],"{'task_id': 'WLB2-0074', 'terminal_outcome': 'REJECT', 'nominated_fact_ids': ['F-f455691f82163e96'], 'probe_calls': 1, 'valid_probe_calls': 1, 'provider_failures': [], 'human_examinations': 1, 'gate_events': 1, 'suppression_events': 0, 'invalidation_events': 0, 'graduation_events': 0, 'restart_events': 0, 'authority_violations': 0}"
WLB2-0075,governed_rejection,REJECT,REJECT,ACCEPT,True,False,0,0,0,0,0,0,0,1,0,0,0,0,0.0012764999999999999,0.0007754999999999999,1,1,0.15127649999999998,0.2707755,['F-dd18da53d7c3456c'],['F-dd18da53d7c3456c'],['F-dd18da53d7c3456c'],"{'task_id': 'WLB2-0075', 'terminal_outcome': 'REJECT', 'nominated_fact_ids': ['F-dd18da53d7c3456c'], 'probe_calls': 1, 'valid_probe_calls': 1, 'provider_failures': [], 'human_examinations': 1, 'gate_events': 1, 'suppression_events': 0, 'invalidation_events': 0, 'graduation_events': 0, 'restart_events': 0, 'authority_violations': 0}"
WLB2-0076,governed_rejection,REJECT,REJECT,ACCEPT,True,False,0,0,0,0,0,0,0,1,0,0,0,0,0.00131175,0.0007605,1,1,0.15131175,0.27076049999999996,['F-2acd8064b1425ede'],['F-2acd8064b1425ede'],['F-2acd8064b1425ede'],"{'task_id': 'WLB2-0076', 'terminal_outcome': 'REJECT', 'nominated_fact_ids': ['F-2acd8064b1425ede'], 'probe_calls': 1, 'valid_probe_calls': 1, 'provider_failures': [], 'human_examinations': 1, 'gate_events': 1, 'suppression_events': 0, 'invalidation_events': 0, 'graduation_events': 0, 'restart_events': 0, 'authority_violations': 0}"
WLB2-0077,governed_rejection,REJECT,REJECT,ACCEPT,True,False,0,0,0,0,0,0,0,1,0,0,0,0,0.0,0.00076425,1,1,0.15,0.27076425,[],['F-e61cb95003472f03'],['F-e61cb95003472f03'],"{'task_id': 'WLB2-0077', 'terminal_outcome': 'REJECT', 'nominated_fact_ids': [], 'probe_calls': 1, 'valid_probe_calls': 0, 'provider_failures': ['WLB2-0077:0'], 'human_examinations': 1, 'gate_events': 1, 'suppression_events': 0, 'invalidation_events': 0, 'graduation_events': 0, 'restart_events': 0, 'authority_violations': 0}"
WLB2-0078,governed_rejection,REJECT,REJECT,ACCEPT,True,False,0,0,0,0,0,0,0,1,0,0,0,0,0.00135225,0.0007455,1,1,0.15135225,0.2707455,['F-18d465f1242f8634'],['F-18d465f1242f8634'],['F-18d465f1242f8634'],"{'task_id': 'WLB2-0078', 'terminal_outcome': 'REJECT', 'nominated_fact_ids': ['F-18d465f1242f8634'], 'probe_calls': 1, 'valid_probe_calls': 1, 'provider_failures': [], 'human_examinations': 1, 'gate_events': 1, 'suppression_events': 0, 'invalidation_events': 0, 'graduation_events': 0, 'restart_events': 0, 'authority_violations': 0}"
WLB2-0079,governed_rejection,REJECT,REJECT,ACCEPT,True,False,0,0,0,0,0,0,0,1,0,0,0,0,0.00129675,0.00077925,1,1,0.15129675,0.27077925,['F-34f81162d44bcdfa'],['F-34f81162d44bcdfa'],['F-34f81162d44bcdfa'],"{'task_id': 'WLB2-0079', 'terminal_outcome': 'REJECT', 'nominated_fact_ids': ['F-34f81162d44bcdfa'], 'probe_calls': 1, 'valid_probe_calls': 1, 'provider_failures': [], 'human_examinations': 1, 'gate_events': 1, 'suppression_events': 0, 'invalidation_events': 0, 'graduation_events': 0, 'restart_events': 0, 'authority_violations': 0}"
WLB2-0080,governed_rejection,REJECT,REJECT,ACCEPT,True,False,0,0,0,0,0,0,0,1,0,0,0,0,0.00133425,0.000828,1,1,0.15133425,0.27082799999999996,['F-70c452129a556134'],['F-70c452129a556134'],['F-70c452129a556134'],"{'task_id': 'WLB2-0080', 'terminal_outcome': 'REJECT', 'nominated_fact_ids': ['F-70c452129a556134'], 'probe_calls': 1, 'valid_probe_calls': 1, 'provider_failures': [], 'human_examinations': 1, 'gate_events': 1, 'suppression_events': 0, 'invalidation_events': 0, 'graduation_events': 0, 'restart_events': 0, 'authority_violations': 0}"
WLB2-0081,i1_suppression,REJECT,REJECT,ACCEPT,True,False,0,0,0,0,0,0,0,1,0,0,0,0,0.0024375,0.00089025,1,0,0.1524375,0.12089024999999999,"['F-b0a0264afac97c2b', 'F-c5693bc581af3b51']","['F-b0a0264afac97c2b', 'F-c5693bc581af3b51']",['F-b0a0264afac97c2b'],"{'task_id': 'WLB2-0081', 'terminal_outcome': 'REJECT', 'nominated_fact_ids': ['F-b0a0264afac97c2b', 'F-c5693bc581af3b51'], 'probe_calls': 2, 'valid_probe_calls': 2, 'provider_failures': [], 'human_examinations': 1, 'gate_events': 1, 'suppression_events': 1, 'invalidation_events': 0, 'graduation_events': 0, 'restart_events': 0, 'authority_violations': 0}"
WLB2-0082,i1_suppression,REJECT,REJECT,PROVIDER_FAILURE,True,False,0,0,0,0,0,0,0,1,0,0,0,0,0.0023265,0.0,1,0,0.1523265,0.12,"['F-157d2c0bf955c8d0', 'F-831610fd471e634f']",[],['F-831610fd471e634f'],"{'task_id': 'WLB2-0082', 'terminal_outcome': 'REJECT', 'nominated_fact_ids': ['F-157d2c0bf955c8d0', 'F-831610fd471e634f'], 'probe_calls': 2, 'valid_probe_calls': 2, 'provider_failures': [], 'human_examinations': 1, 'gate_events': 1, 'suppression_events': 1, 'invalidation_events': 0, 'graduation_events': 0, 'restart_events': 0, 'authority_violations': 0}"
WLB2-0083,i1_suppression,REJECT,REJECT,ACCEPT,True,False,0,0,0,0,0,0,0,1,0,0,0,0,0.0023805,0.000864,1,0,0.1523805,0.120864,"['F-9ab07a6d8211b23e', 'F-f2e7e4f0169bdaa9']","['F-9ab07a6d8211b23e', 'F-f2e7e4f0169bdaa9']",['F-9ab07a6d8211b23e'],"{'task_id': 'WLB2-0083', 'terminal_outcome': 'REJECT', 'nominated_fact_ids': ['F-9ab07a6d8211b23e', 'F-f2e7e4f0169bdaa9'], 'probe_calls': 2, 'valid_probe_calls': 2, 'provider_failures': [], 'human_examinations': 1, 'gate_events': 1, 'suppression_events': 1, 'invalidation_events': 0, 'graduation_events': 0, 'restart_events': 0, 'authority_violations': 0}"
WLB2-0084,i1_suppression,REJECT,REJECT,ACCEPT,True,False,0,0,0,0,0,0,0,1,0,0,0,0,0.0023662500000000003,0.000954,1,1,0.15236624999999998,0.27095400000000003,"['F-6735da7885e9ca3f', 'F-88080d4d62cab161']","['F-6735da7885e9ca3f', 'F-88080d4d62cab161']",['F-6735da7885e9ca3f'],"{'task_id': 'WLB2-0084', 'terminal_outcome': 'REJECT', 'nominated_fact_ids': ['F-6735da7885e9ca3f', 'F-88080d4d62cab161'], 'probe_calls': 2, 'valid_probe_calls': 2, 'provider_failures': [], 'human_examinations': 1, 'gate_events': 1, 'suppression_events': 1, 'invalidation_events': 0, 'graduation_events': 0, 'restart_events': 0, 'authority_violations': 0}"
WLB2-0085,i1_suppression,REJECT,REJECT,ACCEPT,True,False,0,0,0,0,0,0,0,1,0,0,0,0,0.0022762499999999996,0.000819,1,0,0.15227625,0.120819,"['F-3470fcb38f8740fd', 'F-8b052897a4aa3ef8']","['F-3470fcb38f8740fd', 'F-8b052897a4aa3ef8']",['F-3470fcb38f8740fd'],"{'task_id': 'WLB2-0085', 'terminal_outcome': 'REJECT', 'nominated_fact_ids': ['F-3470fcb38f8740fd', 'F-8b052897a4aa3ef8'], 'probe_calls': 2, 'valid_probe_calls': 2, 'provider_failures': [], 'human_examinations': 1, 'gate_events': 1, 'suppression_events': 1, 'invalidation_events': 0, 'graduation_events': 0, 'restart_events': 0, 'authority_violations': 0}"
WLB2-0086,i1_suppression,REJECT,REJECT,ACCEPT,True,False,0,0,0,0,0,0,0,1,0,0,0,0,0.00238275,0.0008565,1,0,0.15238274999999998,0.12085649999999999,"['F-57ad6f98c7bf2d04', 'F-9210711fbf8918c8']","['F-57ad6f98c7bf2d04', 'F-9210711fbf8918c8']",['F-9210711fbf8918c8'],"{'task_id': 'WLB2-0086', 'terminal_outcome': 'REJECT', 'nominated_fact_ids': ['F-57ad6f98c7bf2d04', 'F-9210711fbf8918c8'], 'probe_calls': 2, 'valid_probe_calls': 2, 'provider_failures': [], 'human_examinations': 1, 'gate_events': 1, 'suppression_events': 1, 'invalidation_events': 0, 'graduation_events': 0, 'restart_events': 0, 'authority_violations': 0}"
WLB2-0087,paraphrase_miss,REJECT,REJECT,ACCEPT,True,False,0,0,0,0,0,0,0,1,0,0,1,0,0.002349,0.0008100000000000001,2,1,0.322349,0.27081,"['F-2c1eae12f1e8c4be', 'F-a35be9c54001eb82']",['F-2c1eae12f1e8c4be'],['F-2c1eae12f1e8c4be'],"{'task_id': 'WLB2-0087', 'terminal_outcome': 'REJECT', 'nominated_fact_ids': ['F-2c1eae12f1e8c4be', 'F-a35be9c54001eb82'], 'probe_calls': 2, 'valid_probe_calls': 2, 'provider_failures': [], 'human_examinations': 2, 'gate_events': 2, 'suppression_events': 0, 'invalidation_events': 0, 'graduation_events': 0, 'restart_events': 0, 'authority_violations': 0}"
WLB2-0088,paraphrase_miss,REJECT,REJECT,ACCEPT,True,False,0,0,0,0,0,0,0,1,0,0,1,0,0.002541,0.00089625,2,0,0.322541,0.12089625,"['F-9811f441b69862db', 'F-ae770ebb7f35cf36']","['F-9811f441b69862db', 'F-ae770ebb7f35cf36']",['F-ae770ebb7f35cf36'],"{'task_id': 'WLB2-0088', 'terminal_outcome': 'REJECT', 'nominated_fact_ids': ['F-9811f441b69862db', 'F-ae770ebb7f35cf36'], 'probe_calls': 2, 'valid_probe_calls': 2, 'provider_failures': [], 'human_examinations': 2, 'gate_events': 2, 'suppression_events': 0, 'invalidation_events': 0, 'graduation_events': 0, 'restart_events': 0, 'authority_violations': 0}"
WLB2-0089,paraphrase_miss,REJECT,REJECT,NO_NOMINATION,True,False,0,0,0,0,0,0,0,1,0,0,1,0,0.002331,0.000825,2,0,0.32233100000000003,0.120825,"['F-143475c9cd438749', 'F-a69b634002842cb2']",[],['F-a69b634002842cb2'],"{'task_id': 'WLB2-0089', 'terminal_outcome': 'REJECT', 'nominated_fact_ids': ['F-143475c9cd438749', 'F-a69b634002842cb2'], 'probe_calls': 2, 'valid_probe_calls': 2, 'provider_failures': [], 'human_examinations': 2, 'gate_events': 2, 'suppression_events': 0, 'invalidation_events': 0, 'graduation_events': 0, 'restart_events': 0, 'authority_violations': 0}"
WLB2-0090,paraphrase_miss,REJECT,REJECT,ACCEPT,True,False,0,0,0,0,0,0,0,1,0,0,1,0,0.00226725,0.000885,2,0,0.32226725,0.12088499999999999,"['F-17c5fb9d3cb4f3fc', 'F-7d1352633e6ef217']","['F-17c5fb9d3cb4f3fc', 'F-7d1352633e6ef217']",['F-7d1352633e6ef217'],"{'task_id': 'WLB2-0090', 'terminal_outcome': 'REJECT', 'nominated_fact_ids': ['F-17c5fb9d3cb4f3fc', 'F-7d1352633e6ef217'], 'probe_calls': 2, 'valid_probe_calls': 2, 'provider_failures': [], 'human_examinations': 2, 'gate_events': 2, 'suppression_events': 0, 'invalidation_events': 0, 'graduation_events': 0, 'restart_events': 0, 'authority_violations': 0}"
WLB2-0091,paraphrase_miss,REJECT,REJECT,ACCEPT,True,False,0,0,0,0,0,0,0,1,0,0,1,0,0.0024375,0.00075,2,0,0.3224375,0.12075,"['F-2c6d2e9608f7a5d7', 'F-d16e86010ffccf9f']",['F-d16e86010ffccf9f'],['F-d16e86010ffccf9f'],"{'task_id': 'WLB2-0091', 'terminal_outcome': 'REJECT', 'nominated_fact_ids': ['F-2c6d2e9608f7a5d7', 'F-d16e86010ffccf9f'], 'probe_calls': 2, 'valid_probe_calls': 2, 'provider_failures': [], 'human_examinations': 2, 'gate_events': 2, 'suppression_events': 0, 'invalidation_events': 0, 'graduation_events': 0, 'restart_events': 0, 'authority_violations': 0}"
WLB2-0092,paraphrase_miss,REJECT,REJECT,ACCEPT,True,False,0,0,0,0,0,0,0,1,0,0,1,0,0.0022447500000000002,0.00084,2,1,0.32224475,0.27083999999999997,"['F-44550f3f0da76579', 'F-ca67de5ed281b979']","['F-44550f3f0da76579', 'F-ca67de5ed281b979']",['F-44550f3f0da76579'],"{'task_id': 'WLB2-0092', 'terminal_outcome': 'REJECT', 'nominated_fact_ids': ['F-44550f3f0da76579', 'F-ca67de5ed281b979'], 'probe_calls': 2, 'valid_probe_calls': 2, 'provider_failures': [], 'human_examinations': 2, 'gate_events': 2, 'suppression_events': 0, 'invalidation_events': 0, 'graduation_events': 0, 'restart_events': 0, 'authority_violations': 0}"
WLB2-0093,true_invalidation,ACCEPT,ACCEPT,REJECT,True,False,0,1,0,0,0,1,0,1,0,0,0,0,0.0025125,0.00089175,2,0,0.30251249999999996,0.12089174999999999,"['F-132e2578ea9a780f', 'F-92b43a6d59613615']",['F-92b43a6d59613615'],"['F-132e2578ea9a780f', 'F-2e7f037401fde1c5']","{'task_id': 'WLB2-0093', 'terminal_outcome': 'ACCEPT', 'nominated_fact_ids': ['F-132e2578ea9a780f', 'F-92b43a6d59613615'], 'probe_calls': 2, 'valid_probe_calls': 2, 'provider_failures': [], 'human_examinations': 2, 'gate_events': 2, 'suppression_events': 0, 'invalidation_events': 1, 'graduation_events': 0, 'restart_events': 0, 'authority_violations': 0}"
WLB2-0094,true_invalidation,ACCEPT,ACCEPT,ACCEPT,True,True,0,0,0,0,0,0,0,0,0,0,0,0,0.00230475,0.0008422499999999999,2,0,0.30230475,0.0008422499999999999,"['F-37b20bdd0b78d91f', 'F-86f6c134de1cc17f']",['F-86f6c134de1cc17f'],"['F-37b20bdd0b78d91f', 'F-0937febb28aab0c6']","{'task_id': 'WLB2-0094', 'terminal_outcome': 'ACCEPT', 'nominated_fact_ids': ['F-37b20bdd0b78d91f', 'F-86f6c134de1cc17f'], 'probe_calls': 2, 'valid_probe_calls': 2, 'provider_failures': [], 'human_examinations': 2, 'gate_events': 2, 'suppression_events': 0, 'invalidation_events': 1, 'graduation_events': 0, 'restart_events': 0, 'authority_violations': 0}"
WLB2-0095,true_invalidation,ACCEPT,ACCEPT,REJECT,True,False,0,1,0,0,0,1,0,1,0,0,0,0,0.00235725,0.0008505,2,0,0.30235724999999997,0.1208505,"['F-d9a045dc682f653f', 'F-e3c47cc22a69b7f4']",['F-d9a045dc682f653f'],"['F-e3c47cc22a69b7f4', 'F-790bc5617cf5a261']","{'task_id': 'WLB2-0095', 'terminal_outcome': 'ACCEPT', 'nominated_fact_ids': ['F-d9a045dc682f653f', 'F-e3c47cc22a69b7f4'], 'probe_calls': 2, 'valid_probe_calls': 2, 'provider_failures': [], 'human_examinations': 2, 'gate_events': 2, 'suppression_events': 0, 'invalidation_events': 1, 'graduation_events': 0, 'restart_events': 0, 'authority_violations': 0}"
WLB2-0096,true_invalidation,ACCEPT,ACCEPT,ACCEPT,True,True,0,0,0,0,0,0,0,0,0,0,0,0,0.00287025,0.0008025,2,0,0.30287025,0.0008025,"['F-979df3ffbb40bad0', 'F-eff858fb5211597b']",['F-eff858fb5211597b'],"['F-979df3ffbb40bad0', 'F-283fcacbc9d51f53']","{'task_id': 'WLB2-0096', 'terminal_outcome': 'ACCEPT', 'nominated_fact_ids': ['F-979df3ffbb40bad0', 'F-eff858fb5211597b'], 'probe_calls': 2, 'valid_probe_calls': 2, 'provider_failures': [], 'human_examinations': 2, 'gate_events': 2, 'suppression_events': 0, 'invalidation_events': 1, 'graduation_events': 0, 'restart_events': 0, 'authority_violations': 0}"
WLB2-0097,true_invalidation,ACCEPT,ACCEPT,REJECT,True,False,0,1,0,0,0,1,0,1,0,0,0,0,0.00226575,0.0008422499999999999,2,0,0.30226575,0.12084225,"['F-988ca1778dfb6c65', 'F-ccfddf76a79d953a']",['F-ccfddf76a79d953a'],"['F-988ca1778dfb6c65', 'F-165f343e98523810']","{'task_id': 'WLB2-0097', 'terminal_outcome': 'ACCEPT', 'nominated_fact_ids': ['F-988ca1778dfb6c65', 'F-ccfddf76a79d953a'], 'probe_calls': 2, 'valid_probe_calls': 2, 'provider_failures': [], 'human_examinations': 2, 'gate_events': 2, 'suppression_events': 0, 'invalidation_events': 1, 'graduation_events': 0, 'restart_events': 0, 'authority_violations': 0}"
WLB2-0098,true_invalidation,ACCEPT,ACCEPT,ACCEPT,True,True,0,0,0,0,0,0,0,0,0,0,0,0,0.002553,0.0007747499999999999,2,0,0.302553,0.0007747499999999999,"['F-44a594b556724102', 'F-6d7eb6ad2e705f26']",['F-44a594b556724102'],"['F-6d7eb6ad2e705f26', 'F-c0b3d7abda015a8f']","{'task_id': 'WLB2-0098', 'terminal_outcome': 'ACCEPT', 'nominated_fact_ids': ['F-44a594b556724102', 'F-6d7eb6ad2e705f26'], 'probe_calls': 2, 'valid_probe_calls': 2, 'provider_failures': [], 'human_examinations': 2, 'gate_events': 2, 'suppression_events': 0, 'invalidation_events': 1, 'graduation_events': 0, 'restart_events': 0, 'authority_violations': 0}"
WLB2-0099,true_invalidation,ACCEPT,ACCEPT,ACCEPT,True,True,0,0,0,0,0,0,0,0,0,0,0,0,0.002571,0.0007837500000000002,2,0,0.302571,0.0007837500000000002,"['F-d6f60600c9f96b13', 'F-e7037af1c40d6784']",['F-e7037af1c40d6784'],"['F-d6f60600c9f96b13', 'F-b505e068812f720f']","{'task_id': 'WLB2-0099', 'terminal_outcome': 'ACCEPT', 'nominated_fact_ids': ['F-d6f60600c9f96b13', 'F-e7037af1c40d6784'], 'probe_calls': 2, 'valid_probe_calls': 2, 'provider_failures': [], 'human_examinations': 2, 'gate_events': 2, 'suppression_events': 0, 'invalidation_events': 1, 'graduation_events': 0, 'restart_events': 0, 'authority_violations': 0}"
WLB2-0100,true_invalidation,ACCEPT,ACCEPT,ACCEPT,True,True,0,0,0,0,0,0,0,0,0,0,0,0,0.002526,0.0008422499999999999,2,0,0.30252599999999996,0.0008422499999999999,"['F-5c130876285ba5dc', 'F-8cb6a28e423f895f']",['F-8cb6a28e423f895f'],"['F-5c130876285ba5dc', 'F-7e555d350db933c9']","{'task_id': 'WLB2-0100', 'terminal_outcome': 'ACCEPT', 'nominated_fact_ids': ['F-5c130876285ba5dc', 'F-8cb6a28e423f895f'], 'probe_calls': 2, 'valid_probe_calls': 2, 'provider_failures': [], 'human_examinations': 2, 'gate_events': 2, 'suppression_events': 0, 'invalidation_events': 1, 'graduation_events': 0, 'restart_events': 0, 'authority_violations': 0}"
WLB2-0101,true_invalidation,ACCEPT,ACCEPT,ACCEPT,True,True,0,0,0,0,0,0,0,0,0,0,0,0,0.0021345,0.00084525,2,0,0.3021345,0.00084525,"['F-3ceca80954c0fe59', 'F-cd482b78c76837e9']",['F-cd482b78c76837e9'],"['F-3ceca80954c0fe59', 'F-33fedf7dec95ba33']","{'task_id': 'WLB2-0101', 'terminal_outcome': 'ACCEPT', 'nominated_fact_ids': ['F-3ceca80954c0fe59', 'F-cd482b78c76837e9'], 'probe_calls': 2, 'valid_probe_calls': 2, 'provider_failures': [], 'human_examinations': 2, 'gate_events': 2, 'suppression_events': 0, 'invalidation_events': 1, 'graduation_events': 0, 'restart_events': 0, 'authority_violations': 0}"
WLB2-0102,true_invalidation,ACCEPT,ACCEPT,ACCEPT,True,True,0,0,0,0,0,0,0,0,0,0,0,0,0.0023220000000000003,0.0007905,2,0,0.302322,0.0007905,"['F-49e13dff633e394d', 'F-fb07e9c7afee5459']",['F-fb07e9c7afee5459'],"['F-49e13dff633e394d', 'F-9eef8e00d5ec1576']","{'task_id': 'WLB2-0102', 'terminal_outcome': 'ACCEPT', 'nominated_fact_ids': ['F-49e13dff633e394d', 'F-fb07e9c7afee5459'], 'probe_calls': 2, 'valid_probe_calls': 2, 'provider_failures': [], 'human_examinations': 2, 'gate_events': 2, 'suppression_events': 0, 'invalidation_events': 1, 'graduation_events': 0, 'restart_events': 0, 'authority_violations': 0}"
WLB2-0103,stale_suppression_challenge,REJECT,REJECT,ACCEPT,True,False,0,0,0,0,0,0,0,1,0,0,0,0,0.00115125,0.0008025,1,0,0.15115125,0.1208025,['F-1bb0322835aaf350'],['F-1bb0322835aaf350'],['F-1bb0322835aaf350'],"{'task_id': 'WLB2-0103', 'terminal_outcome': 'REJECT', 'nominated_fact_ids': ['F-1bb0322835aaf350'], 'probe_calls': 1, 'valid_probe_calls': 1, 'provider_failures': [], 'human_examinations': 1, 'gate_events': 1, 'suppression_events': 0, 'invalidation_events': 1, 'graduation_events': 0, 'restart_events': 0, 'authority_violations': 0}"
WLB2-0104,stale_suppression_challenge,REJECT,REJECT,ACCEPT,True,False,0,0,0,0,0,0,0,1,0,0,0,0,0.001164,0.00079125,1,0,0.151164,0.12079124999999999,['F-b2254195c4347bb5'],['F-b2254195c4347bb5'],['F-b2254195c4347bb5'],"{'task_id': 'WLB2-0104', 'terminal_outcome': 'REJECT', 'nominated_fact_ids': ['F-b2254195c4347bb5'], 'probe_calls': 1, 'valid_probe_calls': 1, 'provider_failures': [], 'human_examinations': 1, 'gate_events': 1, 'suppression_events': 0, 'invalidation_events': 1, 'graduation_events': 0, 'restart_events': 0, 'authority_violations': 0}"
WLB2-0105,stale_suppression_challenge,REJECT,REJECT,ACCEPT,True,False,0,0,0,0,0,0,0,1,0,0,0,0,0.0012082500000000001,0.00079125,1,0,0.15120825,0.12079124999999999,['F-d8c92b5d8284e6bd'],['F-d8c92b5d8284e6bd'],['F-d8c92b5d8284e6bd'],"{'task_id': 'WLB2-0105', 'terminal_outcome': 'REJECT', 'nominated_fact_ids': ['F-d8c92b5d8284e6bd'], 'probe_calls': 1, 'valid_probe_calls': 1, 'provider_failures': [], 'human_examinations': 1, 'gate_events': 1, 'suppression_events': 0, 'invalidation_events': 1, 'graduation_events': 0, 'restart_events': 0, 'authority_violations': 0}"
WLB2-0106,stale_suppression_challenge,REJECT,REJECT,ACCEPT,True,False,0,0,0,0,0,0,0,1,0,0,0,0,0.0011175,0.0007875,1,0,0.1511175,0.12078749999999999,['F-2c5deb82e3a5dd13'],['F-2c5deb82e3a5dd13'],['F-2c5deb82e3a5dd13'],"{'task_id': 'WLB2-0106', 'terminal_outcome': 'REJECT', 'nominated_fact_ids': ['F-2c5deb82e3a5dd13'], 'probe_calls': 1, 'valid_probe_calls': 1, 'provider_failures': [], 'human_examinations': 1, 'gate_events': 1, 'suppression_events': 0, 'invalidation_events': 1, 'graduation_events': 0, 'restart_events': 0, 'authority_violations': 0}"
WLB2-0107,stale_suppression_challenge,REJECT,REJECT,ACCEPT,True,False,0,0,0,0,0,0,0,1,0,0,0,0,0.0,0.00076125,1,0,0.15,0.12076125,[],['F-ac3e641e1bde5bb7'],['F-ac3e641e1bde5bb7'],"{'task_id': 'WLB2-0107', 'terminal_outcome': 'REJECT', 'nominated_fact_ids': [], 'probe_calls': 1, 'valid_probe_calls': 0, 'provider_failures': ['WLB2-0107:0'], 'human_examinations': 1, 'gate_events': 1, 'suppression_events': 0, 'invalidation_events': 1, 'graduation_events': 0, 'restart_events': 0, 'authority_violations': 0}"
WLB2-0108,graduation_restart,ACCEPT,ACCEPT,ACCEPT,True,True,0,0,0,0,0,0,0,0,0,0,0,0,0.0012225,0.0008550000000000001,1,0,0.15122249999999998,0.0008550000000000001,['F-eeaaced344ea84bf'],['F-eeaaced344ea84bf'],['F-eeaaced344ea84bf'],"{'task_id': 'WLB2-0108', 'terminal_outcome': 'ACCEPT', 'nominated_fact_ids': ['F-eeaaced344ea84bf'], 'probe_calls': 1, 'valid_probe_calls': 1, 'provider_failures': [], 'human_examinations': 1, 'gate_events': 1, 'suppression_events': 0, 'invalidation_events': 0, 'graduation_events': 1, 'restart_events': 1, 'authority_violations': 0}"
WLB2-0109,graduation_restart,ACCEPT,ACCEPT,ACCEPT,True,True,0,0,0,0,0,0,0,0,0,0,0,0,0.00122025,0.0007875,1,0,0.15122025,0.0007875,['F-08bc42cc335bdbd5'],['F-08bc42cc335bdbd5'],['F-08bc42cc335bdbd5'],"{'task_id': 'WLB2-0109', 'terminal_outcome': 'ACCEPT', 'nominated_fact_ids': ['F-08bc42cc335bdbd5'], 'probe_calls': 1, 'valid_probe_calls': 1, 'provider_failures': [], 'human_examinations': 1, 'gate_events': 1, 'suppression_events': 0, 'invalidation_events': 0, 'graduation_events': 1, 'restart_events': 1, 'authority_violations': 0}"
WLB2-0110,graduation_restart,ACCEPT,ACCEPT,ACCEPT,True,True,0,0,0,0,0,0,0,0,0,0,0,0,0.0013237499999999998,0.0007537500000000001,1,0,0.15132375,0.0007537500000000001,['F-85cb01e28c1f1f32'],['F-85cb01e28c1f1f32'],['F-85cb01e28c1f1f32'],"{'task_id': 'WLB2-0110', 'terminal_outcome': 'ACCEPT', 'nominated_fact_ids': ['F-85cb01e28c1f1f32'], 'probe_calls': 1, 'valid_probe_calls': 1, 'provider_failures': [], 'human_examinations': 1, 'gate_events': 1, 'suppression_events': 0, 'invalidation_events': 0, 'graduation_events': 1, 'restart_events': 1, 'authority_violations': 0}"
WLB2-0111,graduation_restart,ACCEPT,ACCEPT,ACCEPT,True,True,0,0,0,0,0,0,0,0,0,0,0,0,0.00137025,0.00072375,1,0,0.15137024999999998,0.00072375,['F-f316d143c4519f5d'],['F-f316d143c4519f5d'],['F-f316d143c4519f5d'],"{'task_id': 'WLB2-0111', 'terminal_outcome': 'ACCEPT', 'nominated_fact_ids': ['F-f316d143c4519f5d'], 'probe_calls': 1, 'valid_probe_calls': 1, 'provider_failures': [], 'human_examinations': 1, 'gate_events': 1, 'suppression_events': 0, 'invalidation_events': 0, 'graduation_events': 1, 'restart_events': 1, 'authority_violations': 0}"
WLB2-0112,graduation_restart,ACCEPT,ACCEPT,ACCEPT,True,True,0,0,0,0,0,0,0,0,0,0,0,0,0.00134625,0.0007125,1,0,0.15134625,0.0007125,['F-4829ff68a4f4f7b0'],['F-4829ff68a4f4f7b0'],['F-4829ff68a4f4f7b0'],"{'task_id': 'WLB2-0112', 'terminal_outcome': 'ACCEPT', 'nominated_fact_ids': ['F-4829ff68a4f4f7b0'], 'probe_calls': 1, 'valid_probe_calls': 1, 'provider_failures': [], 'human_examinations': 1, 'gate_events': 1, 'suppression_events': 0, 'invalidation_events': 0, 'graduation_events': 1, 'restart_events': 1, 'authority_violations': 0}"
WLB2-0113,graduation_restart,ACCEPT,ACCEPT,ACCEPT,True,True,0,0,0,0,0,0,0,0,0,0,0,0,0.0013514999999999998,0.00070875,1,0,0.1513515,0.00070875,['F-4c0c88f8da209841'],['F-4c0c88f8da209841'],['F-4c0c88f8da209841'],"{'task_id': 'WLB2-0113', 'terminal_outcome': 'ACCEPT', 'nominated_fact_ids': ['F-4c0c88f8da209841'], 'probe_calls': 1, 'valid_probe_calls': 1, 'provider_failures': [], 'human_examinations': 1, 'gate_events': 1, 'suppression_events': 0, 'invalidation_events': 0, 'graduation_events': 1, 'restart_events': 1, 'authority_violations': 0}"
WLB2-0114,graduation_restart,ACCEPT,ACCEPT,ACCEPT,True,True,0,0,0,0,0,0,0,0,0,0,0,0,0.00148575,0.0007537500000000001,1,0,0.15148575,0.0007537500000000001,['F-fa264a1ffc5d76a3'],['F-fa264a1ffc5d76a3'],['F-fa264a1ffc5d76a3'],"{'task_id': 'WLB2-0114', 'terminal_outcome': 'ACCEPT', 'nominated_fact_ids': ['F-fa264a1ffc5d76a3'], 'probe_calls': 1, 'valid_probe_calls': 1, 'provider_failures': [], 'human_examinations': 1, 'gate_events': 1, 'suppression_events': 0, 'invalidation_events': 0, 'graduation_events': 1, 'restart_events': 1, 'authority_violations': 0}"
WLB2-0115,graduation_restart,ACCEPT,ACCEPT,ACCEPT,True,True,0,0,0,0,0,0,0,0,0,0,0,0,0.0012675,0.00073875,1,0,0.1512675,0.00073875,['F-f6558d3edb7ad2f5'],['F-f6558d3edb7ad2f5'],['F-f6558d3edb7ad2f5'],"{'task_id': 'WLB2-0115', 'terminal_outcome': 'ACCEPT', 'nominated_fact_ids': ['F-f6558d3edb7ad2f5'], 'probe_calls': 1, 'valid_probe_calls': 1, 'provider_failures': [], 'human_examinations': 1, 'gate_events': 1, 'suppression_events': 0, 'invalidation_events': 0, 'graduation_events': 1, 'restart_events': 1, 'authority_violations': 0}"
WLB2-0116,rejected_examination,REJECT,REJECT,PROVIDER_FAILURE,True,False,0,0,0,0,0,0,0,1,0,0,0,0,0.001173,0.0,1,0,0.151173,0.12,['F-4e3f4d856e51817b'],[],['F-4e3f4d856e51817b'],"{'task_id': 'WLB2-0116', 'terminal_outcome': 'REJECT', 'nominated_fact_ids': ['F-4e3f4d856e51817b'], 'probe_calls': 1, 'valid_probe_calls': 1, 'provider_failures': [], 'human_examinations': 1, 'gate_events': 1, 'suppression_events': 0, 'invalidation_events': 0, 'graduation_events': 0, 'restart_events': 0, 'authority_violations': 0}"
WLB2-0117,rejected_examination,REJECT,REJECT,ACCEPT,True,False,0,0,0,0,0,0,0,1,0,0,0,0,0.00131175,0.00078075,1,1,0.15131175,0.27078075,['F-5898b9b64d1b050b'],['F-5898b9b64d1b050b'],['F-5898b9b64d1b050b'],"{'task_id': 'WLB2-0117', 'terminal_outcome': 'REJECT', 'nominated_fact_ids': ['F-5898b9b64d1b050b'], 'probe_calls': 1, 'valid_probe_calls': 1, 'provider_failures': [], 'human_examinations': 1, 'gate_events': 1, 'suppression_events': 0, 'invalidation_events': 0, 'graduation_events': 0, 'restart_events': 0, 'authority_violations': 0}"
WLB2-0118,rejected_examination,REJECT,REJECT,REJECT,True,True,0,0,0,0,0,0,0,0,0,0,0,0,0.0011835,0.000717,1,1,0.1511835,0.150717,['F-05b155379ec5e1aa'],['F-05b155379ec5e1aa'],['F-05b155379ec5e1aa'],"{'task_id': 'WLB2-0118', 'terminal_outcome': 'REJECT', 'nominated_fact_ids': ['F-05b155379ec5e1aa'], 'probe_calls': 1, 'valid_probe_calls': 1, 'provider_failures': [], 'human_examinations': 1, 'gate_events': 1, 'suppression_events': 0, 'invalidation_events': 0, 'graduation_events': 0, 'restart_events': 0, 'authority_violations': 0}"
WLB2-0119,rejected_examination,REJECT,REJECT,ACCEPT,True,False,0,0,0,0,0,0,0,1,0,0,0,0,0.0011535,0.000792,1,1,0.1511535,0.270792,['F-d2d536182ffc2c3e'],['F-d2d536182ffc2c3e'],['F-d2d536182ffc2c3e'],"{'task_id': 'WLB2-0119', 'terminal_outcome': 'REJECT', 'nominated_fact_ids': ['F-d2d536182ffc2c3e'], 'probe_calls': 1, 'valid_probe_calls': 1, 'provider_failures': [], 'human_examinations': 1, 'gate_events': 1, 'suppression_events': 0, 'invalidation_events': 0, 'graduation_events': 0, 'restart_events': 0, 'authority_violations': 0}"
WLB2-0120,rejected_examination,REJECT,REJECT,ACCEPT,True,False,0,0,0,0,0,0,0,1,0,0,0,0,0.00129075,0.0007845,1,0,0.15129075,0.12078449999999999,['F-ab61e9a2cef7582b'],['F-ab61e9a2cef7582b'],['F-ab61e9a2cef7582b'],"{'task_id': 'WLB2-0120', 'terminal_outcome': 'REJECT', 'nominated_fact_ids': ['F-ab61e9a2cef7582b'], 'probe_calls': 1, 'valid_probe_calls': 1, 'provider_failures': [], 'human_examinations': 1, 'gate_events': 1, 'suppression_events': 0, 'invalidation_events': 0, 'graduation_events': 0, 'restart_events': 0, 'authority_violations': 0}"
WLB2-0121,rejected_examination,REJECT,REJECT,REJECT,True,True,0,0,0,0,0,0,0,0,0,0,0,0,0.00119625,0.00076575,1,1,0.15119625,0.15076575,['F-92ef0354a8f38af6'],['F-92ef0354a8f38af6'],['F-92ef0354a8f38af6'],"{'task_id': 'WLB2-0121', 'terminal_outcome': 'REJECT', 'nominated_fact_ids': ['F-92ef0354a8f38af6'], 'probe_calls': 1, 'valid_probe_calls': 1, 'provider_failures': [], 'human_examinations': 1, 'gate_events': 1, 'suppression_events': 0, 'invalidation_events': 0, 'graduation_events': 0, 'restart_events': 0, 'authority_violations': 0}"
WLB2-0122,rejected_examination,REJECT,REJECT,ACCEPT,True,False,0,0,0,0,0,0,0,1,0,0,0,0,0.00116775,0.00083325,1,1,0.15116775,0.27083325,['F-84c58c205bd2ed3e'],['F-84c58c205bd2ed3e'],['F-84c58c205bd2ed3e'],"{'task_id': 'WLB2-0122', 'terminal_outcome': 'REJECT', 'nominated_fact_ids': ['F-84c58c205bd2ed3e'], 'probe_calls': 1, 'valid_probe_calls': 1, 'provider_failures': [], 'human_examinations': 1, 'gate_events': 1, 'suppression_events': 0, 'invalidation_events': 0, 'graduation_events': 0, 'restart_events': 0, 'authority_violations': 0}"
WLB2-0123,rejected_examination,REJECT,REJECT,REJECT,True,True,0,0,0,0,0,0,0,0,0,0,0,0,0.00136575,0.000792,1,1,0.15136575,0.15079199999999998,['F-0b0aaf1f37875886'],['F-0b0aaf1f37875886'],['F-0b0aaf1f37875886'],"{'task_id': 'WLB2-0123', 'terminal_outcome': 'REJECT', 'nominated_fact_ids': ['F-0b0aaf1f37875886'], 'probe_calls': 1, 'valid_probe_calls': 1, 'provider_failures': [], 'human_examinations': 1, 'gate_events': 1, 'suppression_events': 0, 'invalidation_events': 0, 'graduation_events': 0, 'restart_events': 0, 'authority_violations': 0}"
WLB2-0124,coupled_100_fact,ACCEPT,ACCEPT,ACCEPT,True,True,0,0,0,0,0,0,0,0,0,0,0,0,0.00383625,0.00445125,1,0,0.15383625,0.00445125,"['F-a33b7f01df506577', 'F-d61dd2092ad01c42', 'F-e554b9c72ea82dea']","['F-a33b7f01df506577', 'F-d61dd2092ad01c42', 'F-e554b9c72ea82dea']","['F-a33b7f01df506577', 'F-d61dd2092ad01c42', 'F-e554b9c72ea82dea']","{'task_id': 'WLB2-0124', 'terminal_outcome': 'ACCEPT', 'nominated_fact_ids': ['F-a33b7f01df506577', 'F-d61dd2092ad01c42', 'F-e554b9c72ea82dea'], 'probe_calls': 3, 'valid_probe_calls': 3, 'provider_failures': [], 'human_examinations': 1, 'gate_events': 1, 'suppression_events': 0, 'invalidation_events': 0, 'graduation_events': 1, 'restart_events': 1, 'authority_violations': 0}"
WLB2-0125,coupled_100_fact,ACCEPT,ACCEPT,ACCEPT,True,True,0,0,0,0,0,0,0,0,0,0,0,0,0.0039975,0.004555499999999999,1,0,0.15399749999999998,0.004555499999999999,"['F-15b4aca65644dfaf', 'F-c7752804514bd2c5', 'F-e6ebb161ca7a6d4e']","['F-15b4aca65644dfaf', 'F-c7752804514bd2c5', 'F-e6ebb161ca7a6d4e']","['F-15b4aca65644dfaf', 'F-e6ebb161ca7a6d4e', 'F-c7752804514bd2c5']","{'task_id': 'WLB2-0125', 'terminal_outcome': 'ACCEPT', 'nominated_fact_ids': ['F-15b4aca65644dfaf', 'F-c7752804514bd2c5', 'F-e6ebb161ca7a6d4e'], 'probe_calls': 3, 'valid_probe_calls': 3, 'provider_failures': [], 'human_examinations': 1, 'gate_events': 1, 'suppression_events': 0, 'invalidation_events': 0, 'graduation_events': 1, 'restart_events': 1, 'authority_violations': 0}"
WLB2-0126,coupled_100_fact,ACCEPT,ACCEPT,ACCEPT,True,True,0,0,0,0,0,0,0,0,0,0,0,0,0.00372825,0.004585499999999999,1,0,0.15372824999999998,0.004585499999999999,"['F-0e90230a27d35951', 'F-960cf65dd271a750', 'F-c884172f4c300626']","['F-0e90230a27d35951', 'F-960cf65dd271a750', 'F-c884172f4c300626']","['F-c884172f4c300626', 'F-0e90230a27d35951', 'F-960cf65dd271a750']","{'task_id': 'WLB2-0126', 'terminal_outcome': 'ACCEPT', 'nominated_fact_ids': ['F-0e90230a27d35951', 'F-960cf65dd271a750', 'F-c884172f4c300626'], 'probe_calls': 3, 'valid_probe_calls': 3, 'provider_failures': [], 'human_examinations': 1, 'gate_events': 1, 'suppression_events': 0, 'invalidation_events': 0, 'graduation_events': 1, 'restart_events': 1, 'authority_violations': 0}"
WLB2-0127,coupled_100_fact,ACCEPT,ACCEPT,ACCEPT,True,True,0,0,0,0,0,0,0,0,0,0,0,0,0.0025665,0.004574249999999999,1,0,0.1525665,0.004574249999999999,"['F-437e46dc10edaeaa', 'F-442bf9ccbb59c0c6']","['F-2b4747b5e433a2a3', 'F-437e46dc10edaeaa', 'F-442bf9ccbb59c0c6']","['F-2b4747b5e433a2a3', 'F-442bf9ccbb59c0c6', 'F-437e46dc10edaeaa']","{'task_id': 'WLB2-0127', 'terminal_outcome': 'ACCEPT', 'nominated_fact_ids': ['F-437e46dc10edaeaa', 'F-442bf9ccbb59c0c6'], 'probe_calls': 3, 'valid_probe_calls': 2, 'provider_failures': ['WLB2-0127:75'], 'human_examinations': 1, 'gate_events': 1, 'suppression_events': 0, 'invalidation_events': 0, 'graduation_events': 1, 'restart_events': 1, 'authority_violations': 0}"
WLB2-0128,coupled_100_fact,ACCEPT,ACCEPT,ACCEPT,True,True,0,0,0,0,0,0,0,0,0,0,0,0,0.00355425,0.0044954999999999995,1,1,0.15355425,0.1544955,"['F-0d666070ee88b256', 'F-ac364b8933d6fd84', 'F-f0e7418fa95ea172']","['F-0d666070ee88b256', 'F-ac364b8933d6fd84', 'F-f0e7418fa95ea172']","['F-f0e7418fa95ea172', 'F-0d666070ee88b256', 'F-ac364b8933d6fd84']","{'task_id': 'WLB2-0128', 'terminal_outcome': 'ACCEPT', 'nominated_fact_ids': ['F-0d666070ee88b256', 'F-ac364b8933d6fd84', 'F-f0e7418fa95ea172'], 'probe_calls': 3, 'valid_probe_calls': 3, 'provider_failures': [], 'human_examinations': 1, 'gate_events': 1, 'suppression_events': 0, 'invalidation_events': 0, 'graduation_events': 1, 'restart_events': 1, 'authority_violations': 0}"
WLB2-0129,coupled_100_fact,ACCEPT,ACCEPT,ACCEPT,True,True,0,0,0,0,0,0,0,0,0,0,0,0,0.00406425,0.004551749999999999,1,0,0.15406424999999999,0.004551749999999999,"['F-9f49b1761b8102b5', 'F-ad4e0899e9db2e0c', 'F-b6053426240bbb76']","['F-9f49b1761b8102b5', 'F-ad4e0899e9db2e0c', 'F-b6053426240bbb76']","['F-b6053426240bbb76', 'F-ad4e0899e9db2e0c', 'F-9f49b1761b8102b5']","{'task_id': 'WLB2-0129', 'terminal_outcome': 'ACCEPT', 'nominated_fact_ids': ['F-9f49b1761b8102b5', 'F-ad4e0899e9db2e0c', 'F-b6053426240bbb76'], 'probe_calls': 3, 'valid_probe_calls': 3, 'provider_failures': [], 'human_examinations': 1, 'gate_events': 1, 'suppression_events': 0, 'invalidation_events': 0, 'graduation_events': 1, 'restart_events': 1, 'authority_violations': 0}"
WLB2-0130,coupled_100_fact,ACCEPT,ACCEPT,ACCEPT,True,True,0,0,0,0,0,0,0,0,0,0,0,0,0.00405225,0.00454125,1,0,0.15405225,0.00454125,"['F-0e0538bcda33a049', 'F-9af35e433c922d59', 'F-da8ba51b251c9807']","['F-0e0538bcda33a049', 'F-9af35e433c922d59', 'F-da8ba51b251c9807']","['F-da8ba51b251c9807', 'F-9af35e433c922d59', 'F-0e0538bcda33a049']","{'task_id': 'WLB2-0130', 'terminal_outcome': 'ACCEPT', 'nominated_fact_ids': ['F-0e0538bcda33a049', 'F-9af35e433c922d59', 'F-da8ba51b251c9807'], 'probe_calls': 3, 'valid_probe_calls': 3, 'provider_failures': [], 'human_examinations': 1, 'gate_events': 1, 'suppression_events': 0, 'invalidation_events': 0, 'graduation_events': 1, 'restart_events': 1, 'authority_violations': 0}"
WLB2-0131,coupled_100_fact,ACCEPT,ACCEPT,ACCEPT,True,True,0,0,0,0,0,0,0,0,0,0,0,0,0.00399225,0.00456675,1,0,0.15399225,0.00456675,"['F-965a4e1d40b27ef0', 'F-def2488a568f55cb', 'F-f9f2efcd47a4e08d']","['F-965a4e1d40b27ef0', 'F-def2488a568f55cb', 'F-f9f2efcd47a4e08d']","['F-965a4e1d40b27ef0', 'F-f9f2efcd47a4e08d', 'F-def2488a568f55cb']","{'task_id': 'WLB2-0131', 'terminal_outcome': 'ACCEPT', 'nominated_fact_ids': ['F-965a4e1d40b27ef0', 'F-def2488a568f55cb', 'F-f9f2efcd47a4e08d'], 'probe_calls': 3, 'valid_probe_calls': 3, 'provider_failures': [], 'human_examinations': 1, 'gate_events': 1, 'suppression_events': 0, 'invalidation_events': 0, 'graduation_events': 1, 'restart_events': 1, 'authority_violations': 0}"
WLB2-0132,coupled_100_fact,ACCEPT,ACCEPT,ACCEPT,True,True,0,0,0,0,0,0,0,0,0,0,0,0,0.0038865,0.004547999999999999,1,0,0.15388649999999998,0.004547999999999999,"['F-6388c31686f7673b', 'F-70a03b72bca3ce56', 'F-c5cce23980eec448']","['F-6388c31686f7673b', 'F-70a03b72bca3ce56', 'F-c5cce23980eec448']","['F-6388c31686f7673b', 'F-70a03b72bca3ce56', 'F-c5cce23980eec448']","{'task_id': 'WLB2-0132', 'terminal_outcome': 'ACCEPT', 'nominated_fact_ids': ['F-6388c31686f7673b', 'F-70a03b72bca3ce56', 'F-c5cce23980eec448'], 'probe_calls': 3, 'valid_probe_calls': 3, 'provider_failures': [], 'human_examinations': 1, 'gate_events': 1, 'suppression_events': 0, 'invalidation_events': 0, 'graduation_events': 1, 'restart_events': 1, 'authority_violations': 0}"
WLB2-0133,coupled_100_fact,ACCEPT,ACCEPT,ACCEPT,True,True,0,0,0,0,0,0,0,0,0,0,0,0,0.00395475,0.00454875,1,0,0.15395475,0.00454875,"['F-6fa631290b365273', 'F-81c5aac24e8adc95', 'F-ef8e25aae2fe7bcf']","['F-6fa631290b365273', 'F-81c5aac24e8adc95', 'F-ef8e25aae2fe7bcf']","['F-6fa631290b365273', 'F-ef8e25aae2fe7bcf', 'F-81c5aac24e8adc95']","{'task_id': 'WLB2-0133', 'terminal_outcome': 'ACCEPT', 'nominated_fact_ids': ['F-6fa631290b365273', 'F-81c5aac24e8adc95', 'F-ef8e25aae2fe7bcf'], 'probe_calls': 3, 'valid_probe_calls': 3, 'provider_failures': [], 'human_examinations': 1, 'gate_events': 1, 'suppression_events': 0, 'invalidation_events': 0, 'graduation_events': 1, 'restart_events': 1, 'authority_violations': 0}"
WLB2-0134,coupled_100_fact,ACCEPT,ACCEPT,ACCEPT,True,True,0,0,0,0,0,0,0,0,0,0,0,0,0.0038355,0.00453375,1,0,0.1538355,0.00453375,"['F-4b8f4e1394e2d73f', 'F-6df98a1bb3ff82c8', 'F-8268874b949dff22']","['F-4b8f4e1394e2d73f', 'F-6df98a1bb3ff82c8', 'F-8268874b949dff22']","['F-6df98a1bb3ff82c8', 'F-4b8f4e1394e2d73f', 'F-8268874b949dff22']","{'task_id': 'WLB2-0134', 'terminal_outcome': 'ACCEPT', 'nominated_fact_ids': ['F-4b8f4e1394e2d73f', 'F-6df98a1bb3ff82c8', 'F-8268874b949dff22'], 'probe_calls': 3, 'valid_probe_calls': 3, 'provider_failures': [], 'human_examinations': 1, 'gate_events': 1, 'suppression_events': 0, 'invalidation_events': 0, 'graduation_events': 1, 'restart_events': 1, 'authority_violations': 0}"
WLB2-0135,coupled_100_fact,ACCEPT,ACCEPT,ACCEPT,True,True,0,0,0,0,0,0,0,0,0,0,0,0,0.00380175,0.004585499999999999,1,0,0.15380175,0.004585499999999999,"['F-8fcce324f770401f', 'F-b1002fe5f7ae7c8d', 'F-f438ad71cbe9f932']","['F-8fcce324f770401f', 'F-b1002fe5f7ae7c8d', 'F-f438ad71cbe9f932']","['F-8fcce324f770401f', 'F-f438ad71cbe9f932', 'F-b1002fe5f7ae7c8d']","{'task_id': 'WLB2-0135', 'terminal_outcome': 'ACCEPT', 'nominated_fact_ids': ['F-8fcce324f770401f', 'F-b1002fe5f7ae7c8d', 'F-f438ad71cbe9f932'], 'probe_calls': 3, 'valid_probe_calls': 3, 'provider_failures': [], 'human_examinations': 1, 'gate_events': 1, 'suppression_events': 0, 'invalidation_events': 0, 'graduation_events': 1, 'restart_events': 1, 'authority_violations': 0}"
WLB2-0136,coupled_100_fact,ACCEPT,ACCEPT,ACCEPT,True,True,0,0,0,0,0,0,0,0,0,0,0,0,0.00362775,0.00453375,1,0,0.15362775,0.00453375,"['F-3d2a60e33ecda071', 'F-477c833e9ea1e8e4', 'F-e917b392cb2c013e']","['F-3d2a60e33ecda071', 'F-477c833e9ea1e8e4', 'F-e917b392cb2c013e']","['F-3d2a60e33ecda071', 'F-477c833e9ea1e8e4', 'F-e917b392cb2c013e']","{'task_id': 'WLB2-0136', 'terminal_outcome': 'ACCEPT', 'nominated_fact_ids': ['F-3d2a60e33ecda071', 'F-477c833e9ea1e8e4', 'F-e917b392cb2c013e'], 'probe_calls': 3, 'valid_probe_calls': 3, 'provider_failures': [], 'human_examinations': 1, 'gate_events': 1, 'suppression_events': 0, 'invalidation_events': 0, 'graduation_events': 1, 'restart_events': 1, 'authority_violations': 0}"
WLB2-0137,coupled_100_fact,ACCEPT,ACCEPT,ACCEPT,True,True,0,0,0,0,0,0,0,0,0,0,0,0,0.0035782500000000003,0.004551749999999999,1,0,0.15357825,0.004551749999999999,"['F-1edb5c766952ab2d', 'F-a291a63fadfb26b1', 'F-ebf5e51271783559']","['F-1edb5c766952ab2d', 'F-a291a63fadfb26b1', 'F-ebf5e51271783559']","['F-a291a63fadfb26b1', 'F-ebf5e51271783559', 'F-1edb5c766952ab2d']","{'task_id': 'WLB2-0137', 'terminal_outcome': 'ACCEPT', 'nominated_fact_ids': ['F-1edb5c766952ab2d', 'F-a291a63fadfb26b1', 'F-ebf5e51271783559'], 'probe_calls': 3, 'valid_probe_calls': 3, 'provider_failures': [], 'human_examinations': 1, 'gate_events': 1, 'suppression_events': 0, 'invalidation_events': 0, 'graduation_events': 1, 'restart_events': 1, 'authority_violations': 0}"
WLB2-0138,coupled_100_fact,ACCEPT,ACCEPT,ACCEPT,True,True,0,0,0,0,0,0,0,0,0,0,0,0,0.0038699999999999997,0.004457999999999999,1,0,0.15387,0.004457999999999999,"['F-29dc938ac4930df1', 'F-2fb0233bb7aa47e9', 'F-e9404bd2a5e0415c']","['F-29dc938ac4930df1', 'F-2fb0233bb7aa47e9', 'F-e9404bd2a5e0415c']","['F-2fb0233bb7aa47e9', 'F-29dc938ac4930df1', 'F-e9404bd2a5e0415c']","{'task_id': 'WLB2-0138', 'terminal_outcome': 'ACCEPT', 'nominated_fact_ids': ['F-29dc938ac4930df1', 'F-2fb0233bb7aa47e9', 'F-e9404bd2a5e0415c'], 'probe_calls': 3, 'valid_probe_calls': 3, 'provider_failures': [], 'human_examinations': 1, 'gate_events': 1, 'suppression_events': 0, 'invalidation_events': 0, 'graduation_events': 1, 'restart_events': 1, 'authority_violations': 0}"
WLB2-0139,coupled_100_fact,ACCEPT,ACCEPT,ACCEPT,True,True,0,0,0,0,0,0,0,0,0,0,0,0,0.003894,0.00454425,1,0,0.153894,0.00454425,"['F-1363912cf72e3403', 'F-3703712015158c3d', 'F-ce7977d8464fda2d']","['F-1363912cf72e3403', 'F-3703712015158c3d', 'F-ce7977d8464fda2d']","['F-ce7977d8464fda2d', 'F-1363912cf72e3403', 'F-3703712015158c3d']","{'task_id': 'WLB2-0139', 'terminal_outcome': 'ACCEPT', 'nominated_fact_ids': ['F-1363912cf72e3403', 'F-3703712015158c3d', 'F-ce7977d8464fda2d'], 'probe_calls': 3, 'valid_probe_calls': 3, 'provider_failures': [], 'human_examinations': 1, 'gate_events': 1, 'suppression_events': 0, 'invalidation_events': 0, 'graduation_events': 1, 'restart_events': 1, 'authority_violations': 0}"
WLB2-0140,coupled_100_fact,ACCEPT,ACCEPT,ACCEPT,True,True,0,0,0,0,0,0,0,0,0,0,0,0,0.003852,0.004555499999999999,1,0,0.153852,0.004555499999999999,"['F-8a997d43c0a587f7', 'F-946239dbfa301dd7', 'F-a23021e932713fc5']","['F-8a997d43c0a587f7', 'F-946239dbfa301dd7', 'F-a23021e932713fc5']","['F-946239dbfa301dd7', 'F-8a997d43c0a587f7', 'F-a23021e932713fc5']","{'task_id': 'WLB2-0140', 'terminal_outcome': 'ACCEPT', 'nominated_fact_ids': ['F-8a997d43c0a587f7', 'F-946239dbfa301dd7', 'F-a23021e932713fc5'], 'probe_calls': 3, 'valid_probe_calls': 3, 'provider_failures': [], 'human_examinations': 1, 'gate_events': 1, 'suppression_events': 0, 'invalidation_events': 0, 'graduation_events': 1, 'restart_events': 1, 'authority_violations': 0}"
WLB2-0141,coupled_100_fact,ACCEPT,ACCEPT,ACCEPT,True,True,0,0,0,0,0,0,0,0,0,0,0,0,0.00388725,0.00456675,1,0,0.15388725,0.00456675,"['F-4ccfaf05b4984d25', 'F-7183e53ab4e6578c', 'F-89199d5cfedd618b']","['F-4ccfaf05b4984d25', 'F-7183e53ab4e6578c', 'F-89199d5cfedd618b']","['F-89199d5cfedd618b', 'F-4ccfaf05b4984d25', 'F-7183e53ab4e6578c']","{'task_id': 'WLB2-0141', 'terminal_outcome': 'ACCEPT', 'nominated_fact_ids': ['F-4ccfaf05b4984d25', 'F-7183e53ab4e6578c', 'F-89199d5cfedd618b'], 'probe_calls': 3, 'valid_probe_calls': 3, 'provider_failures': [], 'human_examinations': 1, 'gate_events': 1, 'suppression_events': 0, 'invalidation_events': 0, 'graduation_events': 1, 'restart_events': 1, 'authority_violations': 0}"
WLB2-0142,coupled_100_fact,ACCEPT,ACCEPT,ACCEPT,True,True,0,0,0,0,0,0,0,0,0,0,0,0,0.0037799999999999995,0.00452175,1,0,0.15378,0.00452175,"['F-6cb26e3e82188e04', 'F-e8ba6244aa80edf3', 'F-f1db8da48b0898c3']","['F-6cb26e3e82188e04', 'F-e8ba6244aa80edf3', 'F-f1db8da48b0898c3']","['F-f1db8da48b0898c3', 'F-e8ba6244aa80edf3', 'F-6cb26e3e82188e04']","{'task_id': 'WLB2-0142', 'terminal_outcome': 'ACCEPT', 'nominated_fact_ids': ['F-6cb26e3e82188e04', 'F-e8ba6244aa80edf3', 'F-f1db8da48b0898c3'], 'probe_calls': 3, 'valid_probe_calls': 3, 'provider_failures': [], 'human_examinations': 1, 'gate_events': 1, 'suppression_events': 0, 'invalidation_events': 0, 'graduation_events': 1, 'restart_events': 1, 'authority_violations': 0}"
WLB2-0143,coupled_100_fact,ACCEPT,ACCEPT,ACCEPT,True,True,0,0,0,0,0,0,0,0,0,0,0,0,0.003819,0.004570499999999999,1,0,0.15381899999999998,0.004570499999999999,"['F-b864c2de9c0368cc', 'F-c21fde8e5e2acfb6', 'F-eac6eef770cc7d79']","['F-b864c2de9c0368cc', 'F-c21fde8e5e2acfb6', 'F-eac6eef770cc7d79']","['F-b864c2de9c0368cc', 'F-c21fde8e5e2acfb6', 'F-eac6eef770cc7d79']","{'task_id': 'WLB2-0143', 'terminal_outcome': 'ACCEPT', 'nominated_fact_ids': ['F-b864c2de9c0368cc', 'F-c21fde8e5e2acfb6', 'F-eac6eef770cc7d79'], 'probe_calls': 3, 'valid_probe_calls': 3, 'provider_failures': [], 'human_examinations': 1, 'gate_events': 1, 'suppression_events': 0, 'invalidation_events': 0, 'graduation_events': 1, 'restart_events': 1, 'authority_violations': 0}"
WLB2-0144,coupled_100_fact,ACCEPT,ACCEPT,ACCEPT,True,True,0,0,0,0,0,0,0,0,0,0,0,0,0.00398775,0.004491749999999999,1,0,0.15398775,0.004491749999999999,"['F-438ea2179d31326c', 'F-4e99428f19f4f681', 'F-9426cc49c4824e40']","['F-438ea2179d31326c', 'F-4e99428f19f4f681', 'F-9426cc49c4824e40']","['F-438ea2179d31326c', 'F-9426cc49c4824e40', 'F-4e99428f19f4f681']","{'task_id': 'WLB2-0144', 'terminal_outcome': 'ACCEPT', 'nominated_fact_ids': ['F-438ea2179d31326c', 'F-4e99428f19f4f681', 'F-9426cc49c4824e40'], 'probe_calls': 3, 'valid_probe_calls': 3, 'provider_failures': [], 'human_examinations': 1, 'gate_events': 1, 'suppression_events': 0, 'invalidation_events': 0, 'graduation_events': 1, 'restart_events': 1, 'authority_violations': 0}"
WLB2-0145,coupled_100_fact,ACCEPT,ACCEPT,ACCEPT,True,True,0,0,0,0,0,0,0,0,0,0,0,0,0.003936,0.004578,1,0,0.153936,0.004578,"['F-0ca0e27b65e9338e', 'F-c97d07d1b74b9d6e', 'F-d9ee8950dbdfef7e']","['F-0ca0e27b65e9338e', 'F-c97d07d1b74b9d6e', 'F-d9ee8950dbdfef7e']","['F-d9ee8950dbdfef7e', 'F-c97d07d1b74b9d6e', 'F-0ca0e27b65e9338e']","{'task_id': 'WLB2-0145', 'terminal_outcome': 'ACCEPT', 'nominated_fact_ids': ['F-0ca0e27b65e9338e', 'F-c97d07d1b74b9d6e', 'F-d9ee8950dbdfef7e'], 'probe_calls': 3, 'valid_probe_calls': 3, 'provider_failures': [], 'human_examinations': 1, 'gate_events': 1, 'suppression_events': 0, 'invalidation_events': 0, 'graduation_events': 1, 'restart_events': 1, 'authority_violations': 0}"
WLB2-0146,coupled_100_fact,ACCEPT,ACCEPT,ACCEPT,True,True,0,0,0,0,0,0,0,0,0,0,0,0,0.0038962500000000004,0.004562999999999999,1,0,0.15389624999999998,0.004562999999999999,"['F-3a6b1c2d8f8e8544', 'F-a7d2613f76d78100', 'F-cfb74c11f0cc347e']","['F-3a6b1c2d8f8e8544', 'F-a7d2613f76d78100', 'F-cfb74c11f0cc347e']","['F-cfb74c11f0cc347e', 'F-3a6b1c2d8f8e8544', 'F-a7d2613f76d78100']","{'task_id': 'WLB2-0146', 'terminal_outcome': 'ACCEPT', 'nominated_fact_ids': ['F-3a6b1c2d8f8e8544', 'F-a7d2613f76d78100', 'F-cfb74c11f0cc347e'], 'probe_calls': 3, 'valid_probe_calls': 3, 'provider_failures': [], 'human_examinations': 1, 'gate_events': 1, 'suppression_events': 0, 'invalidation_events': 0, 'graduation_events': 1, 'restart_events': 1, 'authority_violations': 0}"
WLB2-0147,coupled_100_fact,ACCEPT,ACCEPT,ACCEPT,True,True,0,0,0,0,0,0,0,0,0,0,0,0,0.00396,0.004457999999999999,1,0,0.15395999999999999,0.004457999999999999,"['F-b1b28068ac4775db', 'F-b90fa0478f793633', 'F-c507579e97309570']","['F-b1b28068ac4775db', 'F-b90fa0478f793633', 'F-c507579e97309570']","['F-c507579e97309570', 'F-b90fa0478f793633', 'F-b1b28068ac4775db']","{'task_id': 'WLB2-0147', 'terminal_outcome': 'ACCEPT', 'nominated_fact_ids': ['F-b1b28068ac4775db', 'F-b90fa0478f793633', 'F-c507579e97309570'], 'probe_calls': 3, 'valid_probe_calls': 3, 'provider_failures': [], 'human_examinations': 1, 'gate_events': 1, 'suppression_events': 0, 'invalidation_events': 0, 'graduation_events': 1, 'restart_events': 1, 'authority_violations': 0}"
WLB2-0148,coupled_100_fact,ACCEPT,ACCEPT,ACCEPT,True,True,0,0,0,0,0,0,0,0,0,0,0,0,0.0038445,0.00445875,1,0,0.1538445,0.00445875,"['F-18d763a4d75d4f82', 'F-9c11df04a7a464f4', 'F-cc4109f50c79bc7f']","['F-18d763a4d75d4f82', 'F-9c11df04a7a464f4', 'F-cc4109f50c79bc7f']","['F-18d763a4d75d4f82', 'F-cc4109f50c79bc7f', 'F-9c11df04a7a464f4']","{'task_id': 'WLB2-0148', 'terminal_outcome': 'ACCEPT', 'nominated_fact_ids': ['F-18d763a4d75d4f82', 'F-9c11df04a7a464f4', 'F-cc4109f50c79bc7f'], 'probe_calls': 3, 'valid_probe_calls': 3, 'provider_failures': [], 'human_examinations': 1, 'gate_events': 1, 'suppression_events': 0, 'invalidation_events': 0, 'graduation_events': 1, 'restart_events': 1, 'authority_violations': 0}"
WLB2-0149,coupled_100_fact,ACCEPT,ACCEPT,ACCEPT,True,True,0,0,0,0,0,0,0,0,0,0,0,0,0.0039165,0.004536749999999999,1,0,0.15391649999999998,0.004536749999999999,"['F-a5545175d00ddd3e', 'F-b184494b855aa2bb', 'F-c85ecba722afef81']","['F-a5545175d00ddd3e', 'F-b184494b855aa2bb', 'F-c85ecba722afef81']","['F-a5545175d00ddd3e', 'F-b184494b855aa2bb', 'F-c85ecba722afef81']","{'task_id': 'WLB2-0149', 'terminal_outcome': 'ACCEPT', 'nominated_fact_ids': ['F-a5545175d00ddd3e', 'F-b184494b855aa2bb', 'F-c85ecba722afef81'], 'probe_calls': 3, 'valid_probe_calls': 3, 'provider_failures': [], 'human_examinations': 1, 'gate_events': 1, 'suppression_events': 0, 'invalidation_events': 0, 'graduation_events': 1, 'restart_events': 1, 'authority_violations': 0}"
WLB2-0150,coupled_100_fact,ACCEPT,ACCEPT,ACCEPT,True,True,0,0,0,0,0,0,0,0,0,0,0,0,0.0039120000000000005,0.004557,1,0,0.153912,0.004557,"['F-4a7703222e91291b', 'F-7f435b0d4436c8e3', 'F-ae94b16854de9487']","['F-4a7703222e91291b', 'F-7f435b0d4436c8e3', 'F-ae94b16854de9487']","['F-4a7703222e91291b', 'F-ae94b16854de9487', 'F-7f435b0d4436c8e3']","{'task_id': 'WLB2-0150', 'terminal_outcome': 'ACCEPT', 'nominated_fact_ids': ['F-4a7703222e91291b', 'F-7f435b0d4436c8e3', 'F-ae94b16854de9487'], 'probe_calls': 3, 'valid_probe_calls': 3, 'provider_failures': [], 'human_examinations': 1, 'gate_events': 1, 'suppression_events': 0, 'invalidation_events': 0, 'graduation_events': 1, 'restart_events': 1, 'authority_violations': 0}"
WLB2-0151,coupled_100_fact,ACCEPT,ACCEPT,ACCEPT,True,True,0,0,0,0,0,0,0,0,0,0,0,0,0.00381675,0.004562999999999999,1,0,0.15381675,0.004562999999999999,"['F-32afbe139ac3c53b', 'F-9ccb5a55c5982cd8', 'F-f7101ef6141f4611']","['F-32afbe139ac3c53b', 'F-9ccb5a55c5982cd8', 'F-f7101ef6141f4611']","['F-9ccb5a55c5982cd8', 'F-32afbe139ac3c53b', 'F-f7101ef6141f4611']","{'task_id': 'WLB2-0151', 'terminal_outcome': 'ACCEPT', 'nominated_fact_ids': ['F-32afbe139ac3c53b', 'F-9ccb5a55c5982cd8', 'F-f7101ef6141f4611'], 'probe_calls': 3, 'valid_probe_calls': 3, 'provider_failures': [], 'human_examinations': 1, 'gate_events': 1, 'suppression_events': 0, 'invalidation_events': 0, 'graduation_events': 1, 'restart_events': 1, 'authority_violations': 0}"
WLB2-0152,coupled_100_fact,ACCEPT,ACCEPT,ACCEPT,True,True,0,0,0,0,0,0,0,0,0,0,0,0,0.00374775,0.004540499999999999,1,0,0.15374775,0.004540499999999999,"['F-594a25059d01ed65', 'F-b7c8aa39376ea258', 'F-ed876eede76feea7']","['F-594a25059d01ed65', 'F-b7c8aa39376ea258', 'F-ed876eede76feea7']","['F-594a25059d01ed65', 'F-ed876eede76feea7', 'F-b7c8aa39376ea258']","{'task_id': 'WLB2-0152', 'terminal_outcome': 'ACCEPT', 'nominated_fact_ids': ['F-594a25059d01ed65', 'F-b7c8aa39376ea258', 'F-ed876eede76feea7'], 'probe_calls': 3, 'valid_probe_calls': 3, 'provider_failures': [], 'human_examinations': 1, 'gate_events': 1, 'suppression_events': 0, 'invalidation_events': 0, 'graduation_events': 1, 'restart_events': 1, 'authority_violations': 0}"
WLB2-0153,coupled_100_fact,ACCEPT,ACCEPT,ACCEPT,True,True,0,0,0,0,0,0,0,0,0,0,0,0,0.0037949999999999998,0.004581749999999999,1,0,0.153795,0.004581749999999999,"['F-0eae37d12ba2c38b', 'F-330d76c9de5e666a', 'F-68026c04cf2b967e']","['F-0eae37d12ba2c38b', 'F-330d76c9de5e666a', 'F-68026c04cf2b967e']","['F-330d76c9de5e666a', 'F-0eae37d12ba2c38b', 'F-68026c04cf2b967e']","{'task_id': 'WLB2-0153', 'terminal_outcome': 'ACCEPT', 'nominated_fact_ids': ['F-0eae37d12ba2c38b', 'F-330d76c9de5e666a', 'F-68026c04cf2b967e'], 'probe_calls': 3, 'valid_probe_calls': 3, 'provider_failures': [], 'human_examinations': 1, 'gate_events': 1, 'suppression_events': 0, 'invalidation_events': 0, 'graduation_events': 1, 'restart_events': 1, 'authority_violations': 0}"
